user_id,purchase_intent,indecisiveness,engagement_level
1,0.3756,0.2011,medium
2,0.3782,0.6205,low
3,0.2666,0.5806,low
4,0.3666,0.6653,high
5,0.1053,0.6018,low
6,0.2918,0.4837,medium
7,0.1223,0.569,low
8,0.162,0.5059,low
9,0.3205,0.3304,low
10,0.1395,0.2715,low
11,0.3221,0.8619,low
12,0.2966,0.4594,low
13,0.2852,0.7669,low
14,0.495,0.2812,medium
15,0.5614,0.194,low
16,0.4497,0.2478,low
17,0.3647,0.597,low
18,0.4069,0.4125,low
19,0.4237,0.1127,low
20,0.1713,0.7752,low
21,0.4874,0.6372,medium
22,0.1684,0.633,low
23,0.5588,0.7471,low
24,0.2079,0.334,medium
25,0.5931,0.7228,low
26,0.2039,0.5156,medium
27,0.3369,0.8485,high
28,0.5777,0.5177,low
29,0.1526,0.6647,low
30,0.3487,0.3366,medium
31,0.6258,0.2407,medium
32,0.3334,0.4088,medium
33,0.5576,0.2909,medium
34,0.2341,0.2419,low
35,0.3452,0.6201,medium
36,0.3723,0.5078,low
37,0.2028,0.8547,low
38,0.4195,0.8422,high
39,0.4607,0.1217,medium
40,0.0549,0.7741,low
41,0.4516,0.8047,low
42,0.1491,0.3937,low
43,0.6248,0.6873,medium
44,0.5989,0.6566,high
45,0.0821,0.6102,medium
46,0.0528,0.0699,medium
47,0.0867,0.5762,medium
48,0.2458,0.1702,low
49,0.1124,0.8129,low
50,0.1772,0.7078,low
51,0.3486,0.7654,low
52,0.1759,0.512,low
53,0.1198,0.7254,high
54,0.4416,0.4767,low
55,0.2102,0.3381,low
56,0.3586,0.3,high
57,0.2416,0.3785,medium
58,0.3513,0.2179,low
59,0.046,0.7859,low
60,0.5818,0.3815,medium
61,0.1554,0.4099,low
62,0.2482,0.4981,low
63,0.2549,0.2642,medium
64,0.0595,0.9106,low
65,0.3863,0.518,medium
66,0.303,0.7619,low
67,0.3912,0.7212,high
68,0.5429,0.3707,high
69,0.0221,0.2326,low
70,0.2213,0.5174,low
71,0.3604,0.7066,low
72,0.0676,0.1077,medium
73,0.004,0.2984,low
74,0.552,0.6071,medium
75,0.6766,0.7884,high
76,0.098,0.3013,low
77,0.3101,0.8013,low
78,0.445,0.4233,low
79,0.3102,0.7744,low
80,0.1523,0.0466,high
81,0.5391,0.7262,low
82,0.2629,0.4296,medium
83,0.0904,0.6162,low
84,0.1562,0.6851,low
85,0.4959,0.4496,low
86,0.4697,0.3434,medium
87,0.3603,0.3656,medium
88,0.2335,0.5181,low
89,0.0547,0.8747,medium
90,0.1268,0.5355,low
91,0.371,0.779,low
92,0.5772,0.6197,low
93,0.0886,0.2256,low
94,0.44,0.1313,medium
95,0.0833,0.9053,low
96,0.4109,0.9611,medium
97,0.486,0.212,high
98,0.3667,0.3431,low
99,0.3884,0.5018,medium
100,0.251,0.3428,high
101,0.1656,0.8147,low
102,0.0306,0.3918,low
103,0.4019,0.447,low
104,0.2572,0.2319,low
105,0.4463,0.0315,high
106,0.5844,0.8773,low
107,0.7116,0.3777,low
108,0.1512,0.8769,low
109,0.5704,0.3048,low
110,0.3016,0.2571,high
111,0.1649,0.7153,medium
112,0.5047,0.4839,medium
113,0.1688,0.7238,low
114,0.3296,0.1253,high
115,0.0963,0.6541,high
116,0.2565,0.5639,high
117,0.3046,0.7716,high
118,0.1515,0.8616,medium
119,0.23,0.8614,medium
120,0.257,0.8182,low
121,0.1947,0.2332,low
122,0.0741,0.102,medium
123,0.0596,0.5015,low
124,0.1739,0.3881,medium
125,0.1954,0.6815,medium
126,0.2429,0.6175,medium
127,0.2949,0.709,low
128,0.0734,0.8078,high
129,0.6019,0.4937,low
130,0.2856,0.5826,medium
131,0.6218,0.3015,low
132,0.2015,0.3009,medium
133,0.1379,0.4561,medium
134,0.5253,0.786,high
135,0.5744,0.3205,low
136,0.156,0.8909,medium
137,0.2492,0.6055,low
138,0.0221,0.4141,low
139,0.1522,0.4779,low
140,0.2693,0.3013,medium
141,0.6335,0.5098,high
142,0.1426,0.2224,medium
143,0.0643,0.8299,low
144,0.1993,0.1571,low
145,0.3525,0.827,low
146,0.1119,0.7846,low
147,0.0372,0.4618,medium
148,0.4133,0.7924,low
149,0.3196,0.3152,medium
150,0.3021,0.2374,low
151,0.3142,0.7452,low
152,0.2875,0.375,low
153,0.2112,0.198,low
154,0.1595,0.6542,medium
155,0.2691,0.8523,medium
156,0.3281,0.4938,high
157,0.0385,0.4348,low
158,0.0896,0.4476,low
159,0.4495,0.4606,low
160,0.278,0.2474,medium
161,0.1189,0.1623,medium
162,0.5816,0.5208,high
163,0.0499,0.0316,low
164,0.7296,0.5052,medium
165,0.0187,0.7564,medium
166,0.1614,0.404,low
167,0.1684,0.4338,low
168,0.29,0.6727,low
169,0.1934,0.1112,low
170,0.0387,0.8965,low
171,0.3979,0.4438,medium
172,0.3698,0.4014,low
173,0.3429,0.5556,medium
174,0.1631,0.5906,low
175,0.1858,0.7838,low
176,0.3826,0.4394,medium
177,0.2846,0.212,low
178,0.3427,0.59,low
179,0.0708,0.7774,medium
180,0.2017,0.7022,low
181,0.3876,0.1218,low
182,0.3235,0.1275,low
183,0.5619,0.7968,medium
184,0.0942,0.6965,medium
185,0.4617,0.711,low
186,0.5385,0.7026,medium
187,0.3989,0.4525,medium
188,0.2791,0.3237,high
189,0.3486,0.3776,low
190,0.3163,0.6887,medium
191,0.2988,0.2037,low
192,0.4323,0.6664,low
193,0.4133,0.9614,medium
194,0.3523,0.5122,low
195,0.0497,0.495,low
196,0.1633,0.3562,medium
197,0.2459,0.6989,low
198,0.1343,0.6589,high
199,0.4798,0.2673,high
200,0.314,0.531,low
201,0.2142,0.5245,medium
202,0.5758,0.2453,medium
203,0.2064,0.3599,medium
204,0.2639,0.2354,low
205,0.3476,0.1867,medium
206,0.1717,0.6338,medium
207,0.1221,0.5557,high
208,0.0239,0.0414,medium
209,0.3539,0.5608,low
210,0.3112,0.6791,high
211,0.354,0.1707,low
212,0.2326,0.5659,high
213,0.0541,0.9699,low
214,0.3987,0.8784,low
215,0.152,0.5214,high
216,0.1338,0.3506,low
217,0.1028,0.4861,high
218,0.6043,0.1956,low
219,0.1713,0.8481,medium
220,0.4926,0.3998,medium
221,0.0405,0.628,low
222,0.4858,0.3568,medium
223,0.6681,0.7319,low
224,0.3115,0.7557,high
225,0.1991,0.5288,high
226,0.5371,0.6307,medium
227,0.1241,0.5117,high
228,0.131,0.7392,medium
229,0.0709,0.5521,high
230,0.2658,0.327,medium
231,0.2166,0.3841,medium
232,0.3276,0.8594,high
233,0.365,0.7694,low
234,0.1698,0.5586,low
235,0.4858,0.1893,high
236,0.3333,0.5338,medium
237,0.2208,0.4124,low
238,0.2239,0.5327,low
239,0.3767,0.3931,medium
240,0.1261,0.406,low
241,0.5748,0.6594,medium
242,0.3802,0.4502,low
243,0.7277,0.2488,low
244,0.5038,0.8384,high
245,0.1004,0.3174,low
246,0.3549,0.3677,high
247,0.0844,0.4423,medium
248,0.2638,0.3591,high
249,0.2092,0.5065,medium
250,0.1417,0.2726,low
251,0.214,0.2003,low
252,0.2007,0.1044,high
253,0.1734,0.1704,medium
254,0.7415,0.2564,low
255,0.2906,0.3827,high
256,0.3882,0.1594,low
257,0.0453,0.7128,low
258,0.1198,0.6796,low
259,0.3768,0.1615,high
260,0.2767,0.4531,low
261,0.2656,0.5172,medium
262,0.1028,0.4548,low
263,0.1233,0.3021,low
264,0.2033,0.8416,low
265,0.51,0.5553,high
266,0.2317,0.1508,low
267,0.227,0.4041,high
268,0.4573,0.9114,low
269,0.1102,0.7695,high
270,0.1437,0.5767,low
271,0.1224,0.0193,medium
272,0.3551,0.7391,low
273,0.4391,0.1579,low
274,0.1789,0.3075,high
275,0.2657,0.786,low
276,0.6461,0.7273,high
277,0.3164,0.35,medium
278,0.4098,0.2948,medium
279,0.211,0.3466,low
280,0.0751,0.6278,high
281,0.2774,0.5888,medium
282,0.236,0.1173,high
283,0.344,0.7131,low
284,0.5019,0.5977,low
285,0.438,0.8967,medium
286,0.1691,0.4202,medium
287,0.0297,0.6553,low
288,0.119,0.8402,low
289,0.092,0.3623,low
290,0.1815,0.7618,medium
291,0.1814,0.6748,low
292,0.5309,0.5456,low
293,0.3956,0.5935,low
294,0.2788,0.5802,low
295,0.4872,0.2835,low
296,0.3511,0.3462,low
297,0.0547,0.6417,medium
298,0.2959,0.4608,high
299,0.4188,0.1382,low
300,0.1934,0.3598,high
301,0.3913,0.1901,medium
302,0.514,0.627,high
303,0.303,0.0807,low
304,0.5255,0.3069,medium
305,0.5779,0.7808,medium
306,0.3903,0.5267,high
307,0.042,0.7999,low
308,0.1752,0.4782,low
309,0.446,0.4455,high
310,0.1846,0.3077,low
311,0.0638,0.034,high
312,0.0761,0.17,low
313,0.3586,0.2773,low
314,0.4346,0.3026,low
315,0.0593,0.4471,medium
316,0.1761,0.9016,medium
317,0.2126,0.1323,high
318,0.2988,0.515,medium
319,0.0931,0.5288,medium
320,0.4794,0.7924,medium
321,0.1921,0.2957,low
322,0.3088,0.8432,medium
323,0.4165,0.1842,high
324,0.2968,0.3729,high
325,0.2797,0.5036,low
326,0.3897,0.7636,low
327,0.0596,0.2221,medium
328,0.0449,0.7441,medium
329,0.3342,0.7185,low
330,0.4166,0.4788,high
331,0.4957,0.6651,low
332,0.3303,0.6934,low
333,0.3624,0.7668,medium
334,0.6659,0.2309,medium
335,0.3028,0.4791,high
336,0.3612,0.4276,low
337,0.5472,0.1512,low
338,0.4556,0.6727,high
339,0.1647,0.4751,low
340,0.4182,0.2625,low
341,0.3257,0.3838,medium
342,0.0706,0.7629,high
343,0.3039,0.4504,high
344,0.326,0.4364,high
345,0.2105,0.6806,low
346,0.236,0.6469,high
347,0.2372,0.3703,low
348,0.1283,0.3154,low
349,0.2063,0.602,low
350,0.1302,0.3323,low
351,0.3506,0.7054,low
352,0.1797,0.6905,high
353,0.2593,0.8976,high
354,0.0757,0.439,low
355,0.2514,0.2425,low
356,0.3449,0.6424,low
357,0.1583,0.1271,medium
358,0.4037,0.2804,high
359,0.1393,0.8396,medium
360,0.4467,0.7472,low
361,0.8313,0.0921,high
362,0.25,0.4397,medium
363,0.4948,0.7426,medium
364,0.2261,0.2235,low
365,0.2952,0.2737,medium
366,0.2901,0.3255,low
367,0.2495,0.657,low
368,0.4535,0.9221,medium
369,0.4264,0.1994,low
370,0.4954,0.5484,medium
371,0.2621,0.2348,medium
372,0.1624,0.6407,low
373,0.392,0.5975,low
374,0.3813,0.6614,medium
375,0.1633,0.526,low
376,0.2679,0.1571,low
377,0.2881,0.3984,low
378,0.2245,0.3139,low
379,0.4437,0.7401,low
380,0.5197,0.124,medium
381,0.5609,0.8709,medium
382,0.2107,0.4618,low
383,0.1348,0.4326,low
384,0.0371,0.4872,high
385,0.0605,0.3469,medium
386,0.1306,0.7369,low
387,0.2089,0.8278,medium
388,0.4536,0.4856,high
389,0.1356,0.5604,high
390,0.3323,0.2931,low
391,0.5745,0.0711,medium
392,0.2928,0.1468,medium
393,0.179,0.3587,medium
394,0.1676,0.3546,high
395,0.13,0.5511,low
396,0.4311,0.2131,low
397,0.1774,0.797,medium
398,0.5027,0.2539,high
399,0.2337,0.6745,high
400,0.3499,0.5115,low
401,0.1294,0.6078,high
402,0.4423,0.077,low
403,0.4885,0.5894,high
404,0.1182,0.6218,medium
405,0.4353,0.6111,low
406,0.2506,0.6002,low
407,0.4091,0.5449,low
408,0.0463,0.86,low
409,0.2293,0.3063,low
410,0.2036,0.1279,high
411,0.1596,0.8171,low
412,0.153,0.2015,high
413,0.0706,0.6394,low
414,0.6339,0.8623,medium
415,0.2805,0.2732,medium
416,0.4756,0.4618,low
417,0.3634,0.7829,low
418,0.362,0.7964,medium
419,0.4154,0.3253,low
420,0.4077,0.4315,low
421,0.4417,0.5032,medium
422,0.4418,0.8408,low
423,0.2396,0.2937,low
424,0.2692,0.6636,low
425,0.2995,0.484,medium
426,0.1506,0.5029,high
427,0.1031,0.3101,low
428,0.0378,0.6782,medium
429,0.1931,0.5395,low
430,0.2765,0.6249,high
431,0.2718,0.2458,high
432,0.3059,0.2313,low
433,0.2594,0.4505,low
434,0.2148,0.7566,medium
435,0.2998,0.8788,medium
436,0.194,0.4462,medium
437,0.1063,0.023,low
438,0.3805,0.3857,low
439,0.1609,0.9396,low
440,0.2481,0.4421,medium
441,0.5766,0.5003,medium
442,0.2247,0.3663,low
443,0.3152,0.2449,high
444,0.1119,0.0696,high
445,0.5216,0.185,medium
446,0.2614,0.7859,medium
447,0.2892,0.8887,medium
448,0.127,0.4122,medium
449,0.1055,0.2918,low
450,0.0871,0.5705,medium
451,0.1762,0.2814,medium
452,0.4642,0.7524,medium
453,0.5925,0.6357,medium
454,0.577,0.0574,low
455,0.2618,0.726,medium
456,0.0986,0.4367,low
457,0.2045,0.5064,high
458,0.096,0.2018,high
459,0.2841,0.2743,medium
460,0.2672,0.6756,low
461,0.1299,0.468,low
462,0.1373,0.8873,high
463,0.285,0.5668,low
464,0.2256,0.1757,medium
465,0.3575,0.8098,low
466,0.4768,0.7402,high
467,0.1854,0.5448,low
468,0.0472,0.4736,medium
469,0.5138,0.5035,low
470,0.5913,0.3416,high
471,0.4271,0.5542,medium
472,0.136,0.2948,medium
473,0.1177,0.6369,low
474,0.2665,0.5851,medium
475,0.2054,0.3906,low
476,0.4717,0.3343,low
477,0.3361,0.693,low
478,0.2046,0.6968,medium
479,0.4918,0.3722,medium
480,0.116,0.3933,low
481,0.5077,0.8679,high
482,0.1839,0.5289,low
483,0.5058,0.4542,medium
484,0.1284,0.3472,medium
485,0.2213,0.7088,high
486,0.3013,0.6859,low
487,0.8911,0.7119,medium
488,0.2602,0.6584,medium
489,0.6423,0.8374,medium
490,0.4125,0.54,high
491,0.0831,0.2477,low
492,0.6826,0.2019,medium
493,0.1521,0.3489,high
494,0.0719,0.7388,low
495,0.447,0.5786,medium
496,0.2692,0.9031,low
497,0.1741,0.6959,low
498,0.1994,0.719,low
499,0.1797,0.6445,low
500,0.3365,0.7702,medium
501,0.1007,0.1711,high
502,0.1081,0.9574,low
503,0.2581,0.24,low
504,0.4175,0.7197,low
505,0.0206,0.5712,medium
506,0.2597,0.7397,low
507,0.3055,0.3106,medium
508,0.1816,0.3621,low
509,0.2132,0.4098,medium
510,0.3075,0.4149,medium
511,0.2593,0.7845,medium
512,0.3314,0.1277,medium
513,0.1984,0.1736,high
514,0.2026,0.4669,low
515,0.2597,0.3455,medium
516,0.3874,0.8009,low
517,0.1473,0.3548,high
518,0.2237,0.626,medium
519,0.3271,0.7513,medium
520,0.0689,0.5768,high
521,0.2976,0.8235,low
522,0.2201,0.502,low
523,0.6523,0.8031,low
524,0.1767,0.6903,low
525,0.0477,0.8669,medium
526,0.1131,0.289,low
527,0.0563,0.9295,low
528,0.1677,0.1815,low
529,0.2692,0.7051,low
530,0.3325,0.2804,low
531,0.1212,0.5875,medium
532,0.5487,0.4991,low
533,0.2392,0.4454,high
534,0.0158,0.8698,low
535,0.1823,0.7792,low
536,0.075,0.1274,low
537,0.2632,0.4295,low
538,0.4681,0.4628,high
539,0.1777,0.4302,medium
540,0.1431,0.3849,low
541,0.5546,0.8921,high
542,0.3117,0.5583,medium
543,0.1879,0.7645,medium
544,0.365,0.3174,low
545,0.2344,0.0698,low
546,0.2614,0.8129,low
547,0.5311,0.742,low
548,0.2823,0.6925,high
549,0.5577,0.5405,low
550,0.2506,0.7873,low
551,0.579,0.7455,medium
552,0.0593,0.5845,medium
553,0.2393,0.3574,medium
554,0.0789,0.2356,low
555,0.0865,0.3111,low
556,0.4254,0.1669,low
557,0.2643,0.2508,medium
558,0.1349,0.3782,low
559,0.3802,0.4207,high
560,0.0752,0.5695,low
561,0.556,0.7254,high
562,0.1585,0.9677,high
563,0.4603,0.2267,medium
564,0.0899,0.3273,medium
565,0.3074,0.3661,low
566,0.4296,0.2525,low
567,0.1377,0.6015,medium
568,0.352,0.4738,low
569,0.1193,0.4773,medium
570,0.3438,0.7893,low
571,0.0605,0.541,low
572,0.3443,0.3912,low
573,0.4045,0.5097,high
574,0.1825,0.094,medium
575,0.2548,0.3254,medium
576,0.1993,0.655,medium
577,0.2286,0.2256,medium
578,0.1254,0.0084,low
579,0.4205,0.2478,high
580,0.3415,0.467,low
581,0.5381,0.1634,medium
582,0.1437,0.7424,medium
583,0.3932,0.7638,high
584,0.2543,0.4527,medium
585,0.3515,0.7288,medium
586,0.7083,0.5587,low
587,0.4584,0.5498,low
588,0.0773,0.4977,medium
589,0.0233,0.6217,medium
590,0.3026,0.7585,low
591,0.2024,0.3509,low
592,0.0905,0.682,medium
593,0.5076,0.3353,low
594,0.3011,0.5859,low
595,0.1873,0.5642,medium
596,0.1692,0.8347,low
597,0.121,0.512,high
598,0.2765,0.3041,medium
599,0.2602,0.2375,low
600,0.4542,0.5369,low
601,0.3281,0.8081,low
602,0.4701,0.8125,high
603,0.2699,0.193,low
604,0.2855,0.6196,medium
605,0.2077,0.8092,medium
606,0.1334,0.7014,low
607,0.0777,0.5447,low
608,0.3233,0.6489,low
609,0.3605,0.4775,medium
610,0.4653,0.1113,high
611,0.2618,0.8526,high
612,0.3713,0.4436,low
613,0.4125,0.3207,medium
614,0.1895,0.5663,medium
615,0.444,0.5036,high
616,0.1524,0.5608,medium
617,0.1365,0.5319,low
618,0.3509,0.6465,low
619,0.3634,0.7057,high
620,0.1945,0.5681,medium
621,0.0795,0.4391,low
622,0.0637,0.4691,high
623,0.36,0.5281,medium
624,0.1478,0.0874,low
625,0.2158,0.0844,low
626,0.6899,0.5088,low
627,0.0668,0.2631,medium
628,0.1539,0.2988,medium
629,0.3326,0.923,high
630,0.3029,0.146,low
631,0.2305,0.5464,low
632,0.0599,0.1403,low
633,0.2578,0.7551,low
634,0.4961,0.6866,medium
635,0.2945,0.4405,medium
636,0.0847,0.7134,high
637,0.1817,0.2508,medium
638,0.5414,0.2737,low
639,0.6279,0.8346,low
640,0.3471,0.3362,medium
641,0.2658,0.012,medium
642,0.4211,0.2195,low
643,0.183,0.3832,high
644,0.372,0.738,high
645,0.1686,0.356,medium
646,0.1373,0.4489,low
647,0.0642,0.2449,low
648,0.4712,0.4894,medium
649,0.2274,0.5429,low
650,0.3279,0.3049,low
651,0.493,0.9462,medium
652,0.1186,0.4276,low
653,0.1162,0.4176,low
654,0.5741,0.5576,low
655,0.2624,0.2592,low
656,0.3164,0.6445,low
657,0.3152,0.5939,medium
658,0.0614,0.3225,low
659,0.3982,0.5222,low
660,0.4048,0.1239,low
661,0.185,0.7306,low
662,0.266,0.8356,low
663,0.3633,0.6971,low
664,0.2735,0.3633,medium
665,0.4283,0.5326,high
666,0.2824,0.469,low
667,0.1939,0.2097,low
668,0.2072,0.8875,medium
669,0.3171,0.8729,medium
670,0.2894,0.7645,low
671,0.2232,0.549,high
672,0.4455,0.7612,low
673,0.0326,0.1881,high
674,0.2116,0.4975,high
675,0.2257,0.4398,high
676,0.2862,0.7746,low
677,0.1484,0.5472,low
678,0.1584,0.2746,low
679,0.1882,0.4625,medium
680,0.2028,0.8373,low
681,0.3122,0.236,low
682,0.1795,0.1784,low
683,0.2842,0.1084,low
684,0.1836,0.8883,medium
685,0.6317,0.1846,high
686,0.1762,0.5719,low
687,0.2064,0.6348,low
688,0.1527,0.4145,medium
689,0.0528,0.3306,low
690,0.051,0.2576,low
691,0.1097,0.5549,low
692,0.3615,0.4254,low
693,0.0535,0.6047,low
694,0.0805,0.5019,medium
695,0.3307,0.0243,high
696,0.2098,0.5472,high
697,0.402,0.8334,medium
698,0.384,0.1298,low
699,0.4096,0.5947,high
700,0.1248,0.2141,medium
701,0.1123,0.5886,medium
702,0.0693,0.1356,low
703,0.3042,0.1576,medium
704,0.1948,0.7676,medium
705,0.1209,0.8751,medium
706,0.1394,0.4009,low
707,0.2735,0.8416,low
708,0.5602,0.4465,medium
709,0.2521,0.8694,low
710,0.3886,0.6421,low
711,0.2215,0.3853,low
712,0.5123,0.1062,medium
713,0.6104,0.4022,low
714,0.3169,0.286,low
715,0.2043,0.8457,high
716,0.3121,0.7252,low
717,0.4868,0.6151,low
718,0.1505,0.6061,low
719,0.2033,0.852,medium
720,0.3596,0.3235,low
721,0.3498,0.4074,low
722,0.46,0.3875,low
723,0.4565,0.2028,medium
724,0.4608,0.2948,medium
725,0.7577,0.5114,low
726,0.2807,0.3573,medium
727,0.0413,0.0181,medium
728,0.0433,0.6155,medium
729,0.6695,0.3529,low
730,0.2637,0.698,high
731,0.232,0.5157,medium
732,0.5827,0.038,medium
733,0.2813,0.7399,low
734,0.1765,0.5258,low
735,0.5071,0.3874,medium
736,0.5391,0.5225,medium
737,0.4046,0.4257,low
738,0.3544,0.6452,medium
739,0.3135,0.2585,low
740,0.2479,0.6064,medium
741,0.3239,0.7816,low
742,0.4235,0.6809,low
743,0.2935,0.645,low
744,0.2539,0.2368,low
745,0.0147,0.893,medium
746,0.2036,0.047,low
747,0.4947,0.359,low
748,0.0623,0.2708,low
749,0.282,0.732,low
750,0.1323,0.6367,low
751,0.2356,0.5598,medium
752,0.1846,0.1647,low
753,0.2592,0.4294,medium
754,0.3076,0.27,low
755,0.1884,0.208,low
756,0.2532,0.1829,low
757,0.3367,0.4227,low
758,0.0653,0.1559,low
759,0.4843,0.4159,low
760,0.2919,0.1991,medium
761,0.4002,0.4451,low
762,0.3215,0.4714,medium
763,0.3857,0.4965,low
764,0.0437,0.2658,high
765,0.4105,0.7846,low
766,0.1677,0.1803,low
767,0.38,0.8149,low
768,0.0896,0.1822,high
769,0.1537,0.4251,medium
770,0.4371,0.543,low
771,0.1513,0.2574,low
772,0.4343,0.151,medium
773,0.3431,0.5543,medium
774,0.0855,0.7487,low
775,0.4574,0.5153,low
776,0.33,0.5562,low
777,0.1316,0.4831,low
778,0.3423,0.3657,low
779,0.3548,0.8631,low
780,0.0281,0.7798,low
781,0.149,0.5559,medium
782,0.2453,0.64,low
783,0.1328,0.6129,low
784,0.2132,0.532,high
785,0.2732,0.8495,low
786,0.3672,0.4996,low
787,0.2183,0.6885,low
788,0.1516,0.6404,low
789,0.4077,0.5437,low
790,0.2791,0.2414,low
791,0.243,0.5335,low
792,0.3619,0.6466,medium
793,0.0677,0.5494,high
794,0.5623,0.4742,low
795,0.0908,0.4095,medium
796,0.6302,0.5298,medium
797,0.1092,0.5834,low
798,0.3946,0.0859,low
799,0.4534,0.7166,low
800,0.3342,0.1298,medium
801,0.3443,0.2986,high
802,0.1995,0.3966,high
803,0.2536,0.3514,medium
804,0.4087,0.2887,low
805,0.1623,0.2246,low
806,0.5728,0.4374,low
807,0.3935,0.9086,low
808,0.3274,0.4755,high
809,0.0881,0.636,low
810,0.1089,0.1692,medium
811,0.0837,0.6364,low
812,0.3768,0.1413,medium
813,0.3239,0.5291,medium
814,0.1615,0.611,low
815,0.2559,0.2547,medium
816,0.3544,0.4612,low
817,0.3181,0.3719,medium
818,0.1101,0.5889,low
819,0.5532,0.412,medium
820,0.0105,0.236,medium
821,0.3041,0.0776,low
822,0.4238,0.1631,medium
823,0.171,0.4211,high
824,0.2665,0.6807,low
825,0.1178,0.543,low
826,0.1696,0.5582,low
827,0.5487,0.0626,medium
828,0.3935,0.5873,medium
829,0.2338,0.0871,medium
830,0.1134,0.3703,low
831,0.2121,0.4467,high
832,0.2883,0.6453,low
833,0.1886,0.7758,medium
834,0.2374,0.624,medium
835,0.0088,0.3332,low
836,0.2515,0.9438,low
837,0.2351,0.7184,high
838,0.4595,0.2129,low
839,0.1812,0.1473,medium
840,0.3737,0.4289,low
841,0.413,0.7839,medium
842,0.3768,0.238,low
843,0.2909,0.5139,medium
844,0.2962,0.6888,low
845,0.3955,0.7113,low
846,0.2176,0.8176,medium
847,0.2947,0.454,medium
848,0.1737,0.9953,medium
849,0.4753,0.5965,low
850,0.3935,0.2028,low
851,0.1119,0.345,high
852,0.2997,0.4252,medium
853,0.3601,0.8181,medium
854,0.5107,0.5422,low
855,0.4486,0.3483,medium
856,0.3162,0.5669,medium
857,0.0921,0.4281,low
858,0.2806,0.7256,low
859,0.2828,0.9025,low
860,0.2458,0.3157,high
861,0.4648,0.3807,high
862,0.4079,0.531,low
863,0.4029,0.2541,medium
864,0.5002,0.4065,medium
865,0.3142,0.6219,high
866,0.2979,0.4285,medium
867,0.3579,0.2429,low
868,0.0511,0.5831,high
869,0.2601,0.1391,high
870,0.1717,0.7675,medium
871,0.3831,0.2924,low
872,0.4823,0.539,medium
873,0.2898,0.2857,low
874,0.0405,0.5409,medium
875,0.7565,0.6532,high
876,0.2824,0.7844,low
877,0.4131,0.8507,low
878,0.5073,0.0762,low
879,0.6915,0.2795,high
880,0.3012,0.266,medium
881,0.6265,0.5358,low
882,0.2652,0.4719,high
883,0.0396,0.2952,high
884,0.3968,0.4401,high
885,0.7036,0.7016,medium
886,0.0319,0.5553,medium
887,0.1389,0.483,low
888,0.6141,0.4393,low
889,0.5842,0.489,medium
890,0.1261,0.407,low
891,0.4675,0.6423,low
892,0.3675,0.5112,low
893,0.2245,0.2735,low
894,0.3306,0.5525,low
895,0.2484,0.2127,high
896,0.2925,0.306,low
897,0.1681,0.5088,medium
898,0.3004,0.4136,medium
899,0.4761,0.254,medium
900,0.1012,0.221,low
901,0.1652,0.9449,medium
902,0.0733,0.6583,high
903,0.2401,0.8987,medium
904,0.128,0.8088,low
905,0.0573,0.2163,medium
906,0.1289,0.172,medium
907,0.4436,0.7672,low
908,0.5383,0.3978,medium
909,0.5317,0.3513,low
910,0.4845,0.285,low
911,0.267,0.6115,low
912,0.213,0.1447,low
913,0.5206,0.5864,low
914,0.3869,0.3519,high
915,0.1369,0.6254,low
916,0.6348,0.6465,low
917,0.1372,0.3501,medium
918,0.5353,0.6714,medium
919,0.4264,0.5333,medium
920,0.4329,0.5582,high
921,0.1592,0.8044,medium
922,0.212,0.5976,medium
923,0.179,0.3319,low
924,0.3218,0.8498,medium
925,0.2056,0.6499,medium
926,0.0982,0.4721,low
927,0.1603,0.5631,low
928,0.2383,0.6809,low
929,0.154,0.5483,low
930,0.4805,0.6369,low
931,0.4997,0.3674,medium
932,0.246,0.8291,medium
933,0.2956,0.4815,low
934,0.4023,0.4516,low
935,0.546,0.5988,low
936,0.3098,0.201,medium
937,0.1974,0.5759,low
938,0.1793,0.572,high
939,0.6025,0.1897,low
940,0.169,0.6901,medium
941,0.1638,0.54,low
942,0.5226,0.2259,medium
943,0.2471,0.203,low
944,0.3791,0.2695,medium
945,0.3656,0.7329,high
946,0.0965,0.1776,high
947,0.2168,0.5793,high
948,0.1256,0.5483,low
949,0.1464,0.2766,low
950,0.1569,0.6249,high
951,0.0991,0.4773,high
952,0.5864,0.7991,low
953,0.28,0.5916,low
954,0.4775,0.622,low
955,0.2545,0.453,low
956,0.5099,0.7388,low
957,0.0486,0.1286,medium
958,0.061,0.5162,low
959,0.2692,0.8407,low
960,0.2753,0.3332,low
961,0.4238,0.6503,low
962,0.2632,0.8176,medium
963,0.2747,0.9559,low
964,0.2647,0.0417,high
965,0.2734,0.4112,low
966,0.0657,0.1592,medium
967,0.4084,0.2635,low
968,0.4604,0.4561,medium
969,0.1641,0.3004,medium
970,0.3133,0.636,low
971,0.1412,0.7829,medium
972,0.2459,0.6432,medium
973,0.3525,0.4721,low
974,0.4046,0.5077,medium
975,0.5942,0.6951,medium
976,0.3018,0.5464,medium
977,0.1915,0.3989,low
978,0.2563,0.5364,medium
979,0.2831,0.6225,high
980,0.2162,0.4955,medium
981,0.2605,0.2764,low
982,0.0589,0.4562,low
983,0.0941,0.8937,low
984,0.2302,0.5216,low
985,0.1543,0.6002,low
986,0.503,0.2973,low
987,0.2958,0.2686,high
988,0.3761,0.5447,medium
989,0.2043,0.3186,low
990,0.2886,0.3917,low
991,0.4074,0.0154,medium
992,0.3554,0.7395,low
993,0.0067,0.4438,low
994,0.0985,0.6859,high
995,0.4465,0.1183,medium
996,0.5012,0.3417,high
997,0.1805,0.2891,medium
998,0.4644,0.4239,medium
999,0.1724,0.5416,medium
1000,0.1763,0.3515,medium
1001,0.0344,0.1818,low
1002,0.5935,0.7987,low
1003,0.1604,0.3007,medium
1004,0.1019,0.5971,low
1005,0.1342,0.4217,medium
1006,0.1108,0.5133,medium
1007,0.1611,0.2537,high
1008,0.4578,0.9632,low
1009,0.2646,0.3449,low
1010,0.1855,0.4559,low
1011,0.3833,0.8415,low
1012,0.3139,0.5436,low
1013,0.4036,0.6017,low
1014,0.5739,0.0555,medium
1015,0.1049,0.5532,low
1016,0.0808,0.6795,high
1017,0.1552,0.5052,low
1018,0.1607,0.5115,low
1019,0.3965,0.3498,high
1020,0.3136,0.2263,medium
1021,0.3101,0.5494,low
1022,0.0835,0.7415,low
1023,0.0636,0.447,low
1024,0.337,0.4389,medium
1025,0.2635,0.5988,medium
1026,0.1276,0.5796,high
1027,0.2492,0.6661,low
1028,0.1282,0.4188,low
1029,0.0456,0.5308,low
1030,0.1457,0.3012,high
1031,0.2319,0.8224,high
1032,0.2522,0.5405,low
1033,0.3414,0.3873,low
1034,0.1352,0.5478,medium
1035,0.3277,0.2326,low
1036,0.264,0.9043,high
1037,0.4005,0.4202,medium
1038,0.4496,0.5836,medium
1039,0.0634,0.3802,medium
1040,0.3382,0.6167,low
1041,0.3827,0.4339,low
1042,0.2502,0.7168,high
1043,0.3569,0.6309,low
1044,0.5185,0.2827,low
1045,0.2634,0.5001,medium
1046,0.2018,0.8593,low
1047,0.258,0.7687,medium
1048,0.3536,0.5972,medium
1049,0.2718,0.212,low
1050,0.2548,0.4461,low
1051,0.1695,0.1105,low
1052,0.2418,0.555,low
1053,0.0743,0.2488,low
1054,0.2262,0.6312,high
1055,0.2848,0.4654,high
1056,0.37,0.1373,low
1057,0.3927,0.3841,medium
1058,0.2546,0.3937,low
1059,0.0155,0.4833,low
1060,0.1639,0.3997,high
1061,0.4728,0.4963,low
1062,0.0955,0.5754,high
1063,0.3737,0.2925,low
1064,0.3092,0.6455,medium
1065,0.0469,0.3357,high
1066,0.0329,0.1397,medium
1067,0.5133,0.845,medium
1068,0.1328,0.4679,low
1069,0.1434,0.1782,medium
1070,0.1603,0.7015,low
1071,0.2705,0.695,low
1072,0.2344,0.3354,low
1073,0.2715,0.4158,medium
1074,0.2735,0.0651,medium
1075,0.5999,0.4502,low
1076,0.188,0.3323,medium
1077,0.2428,0.4106,low
1078,0.4895,0.3389,medium
1079,0.3777,0.664,high
1080,0.2512,0.4848,low
1081,0.167,0.5441,medium
1082,0.3797,0.3466,high
1083,0.468,0.8789,medium
1084,0.5878,0.3945,high
1085,0.086,0.3093,low
1086,0.0841,0.6097,low
1087,0.2787,0.863,medium
1088,0.3494,0.0364,low
1089,0.6375,0.3588,low
1090,0.529,0.2774,low
1091,0.2842,0.42,medium
1092,0.2489,0.3738,medium
1093,0.1598,0.095,medium
1094,0.5506,0.6833,high
1095,0.2929,0.455,medium
1096,0.2001,0.3855,medium
1097,0.2654,0.3959,low
1098,0.1642,0.354,high
1099,0.1443,0.6511,high
1100,0.3617,0.1491,high
1101,0.3494,0.2854,high
1102,0.2147,0.3065,medium
1103,0.3686,0.2282,low
1104,0.1094,0.4716,high
1105,0.2182,0.3615,low
1106,0.22,0.5053,high
1107,0.1735,0.4649,medium
1108,0.1383,0.6274,low
1109,0.2806,0.2788,low
1110,0.3156,0.6004,low
1111,0.3195,0.3854,medium
1112,0.4443,0.8101,medium
1113,0.131,0.2633,low
1114,0.4454,0.3793,low
1115,0.3502,0.4725,low
1116,0.1211,0.8988,low
1117,0.4194,0.5399,medium
1118,0.5053,0.8971,medium
1119,0.1856,0.6716,low
1120,0.3956,0.5483,medium
1121,0.4249,0.3678,high
1122,0.4231,0.4146,medium
1123,0.5111,0.5766,low
1124,0.4619,0.5022,medium
1125,0.3451,0.4552,low
1126,0.6287,0.6996,low
1127,0.5973,0.535,low
1128,0.5319,0.2249,low
1129,0.3388,0.334,medium
1130,0.6091,0.5426,medium
1131,0.0853,0.1468,low
1132,0.1366,0.7143,low
1133,0.2041,0.1229,low
1134,0.0957,0.657,high
1135,0.2017,0.216,low
1136,0.3554,0.8081,low
1137,0.0156,0.7053,high
1138,0.2358,0.2632,low
1139,0.6917,0.7717,low
1140,0.2209,0.7765,high
1141,0.3161,0.9457,low
1142,0.641,0.3392,low
1143,0.3063,0.5394,low
1144,0.1161,0.618,low
1145,0.5935,0.1466,high
1146,0.3119,0.6289,medium
1147,0.0946,0.4222,medium
1148,0.2742,0.7937,low
1149,0.0745,0.564,low
1150,0.0446,0.1983,high
1151,0.3263,0.6197,low
1152,0.1366,0.1307,low
1153,0.5693,0.4267,low
1154,0.293,0.3889,medium
1155,0.1924,0.5456,high
1156,0.4986,0.2641,low
1157,0.1086,0.8602,low
1158,0.222,0.1675,medium
1159,0.4029,0.436,low
1160,0.3882,0.5683,low
1161,0.5565,0.6138,low
1162,0.5147,0.4119,low
1163,0.1179,0.7497,low
1164,0.17,0.4896,medium
1165,0.2035,0.7967,low
1166,0.895,0.8912,low
1167,0.1703,0.766,medium
1168,0.0773,0.4242,medium
1169,0.504,0.1986,medium
1170,0.3921,0.9724,low
1171,0.13,0.6386,low
1172,0.0538,0.3036,low
1173,0.2116,0.6941,medium
1174,0.2781,0.9463,low
1175,0.7613,0.6089,medium
1176,0.2281,0.375,medium
1177,0.1424,0.3137,low
1178,0.2611,0.8056,medium
1179,0.2338,0.2574,medium
1180,0.4339,0.3986,low
1181,0.3635,0.8179,medium
1182,0.2349,0.6047,medium
1183,0.1654,0.8771,medium
1184,0.4004,0.4746,low
1185,0.1144,0.8082,medium
1186,0.1084,0.3804,low
1187,0.0515,0.5161,low
1188,0.3899,0.5119,low
1189,0.4023,0.5356,high
1190,0.3153,0.758,low
1191,0.3399,0.6744,medium
1192,0.1743,0.4029,low
1193,0.2355,0.9122,medium
1194,0.0709,0.7146,low
1195,0.6261,0.4899,low
1196,0.2366,0.8509,low
1197,0.7841,0.9264,low
1198,0.29,0.2616,medium
1199,0.2304,0.8345,medium
1200,0.1888,0.0951,medium
1201,0.0616,0.4858,low
1202,0.0204,0.538,medium
1203,0.2607,0.8312,low
1204,0.3131,0.1519,high
1205,0.3647,0.4649,low
1206,0.318,0.8632,medium
1207,0.5493,0.5077,low
1208,0.2408,0.1236,medium
1209,0.2499,0.5277,medium
1210,0.2953,0.8212,medium
1211,0.4171,0.5314,high
1212,0.5925,0.5492,medium
1213,0.0785,0.6947,low
1214,0.0946,0.4942,low
1215,0.0717,0.6317,low
1216,0.3799,0.7729,low
1217,0.1546,0.3868,low
1218,0.3176,0.5727,medium
1219,0.1352,0.922,high
1220,0.5305,0.9222,low
1221,0.4259,0.7183,medium
1222,0.3246,0.4631,high
1223,0.3909,0.2843,medium
1224,0.199,0.4595,medium
1225,0.5004,0.643,medium
1226,0.3653,0.3483,low
1227,0.5373,0.7106,high
1228,0.0817,0.6767,low
1229,0.2007,0.6074,low
1230,0.1602,0.4254,medium
1231,0.1602,0.3486,low
1232,0.0396,0.4319,low
1233,0.4368,0.6063,low
1234,0.1061,0.9276,low
1235,0.2188,0.6219,low
1236,0.3922,0.4752,low
1237,0.3375,0.7015,low
1238,0.2843,0.5982,medium
1239,0.1429,0.2872,low
1240,0.2168,0.3369,medium
1241,0.5286,0.0808,medium
1242,0.1853,0.7265,medium
1243,0.2021,0.3392,low
1244,0.3537,0.4999,medium
1245,0.1952,0.3511,low
1246,0.1737,0.4642,high
1247,0.1487,0.5103,low
1248,0.1532,0.6073,low
1249,0.3287,0.4578,low
1250,0.493,0.5343,high
1251,0.2767,0.3228,low
1252,0.2967,0.1164,low
1253,0.2117,0.6094,low
1254,0.3686,0.3801,high
1255,0.464,0.2635,low
1256,0.2897,0.5144,high
1257,0.1706,0.2586,high
1258,0.3573,0.5837,medium
1259,0.1674,0.6536,low
1260,0.2152,0.7318,high
1261,0.0767,0.6742,low
1262,0.0668,0.3969,low
1263,0.2602,0.589,medium
1264,0.1269,0.3318,medium
1265,0.0905,0.4006,high
1266,0.3236,0.5679,high
1267,0.1375,0.6964,low
1268,0.2186,0.378,low
1269,0.1195,0.7683,high
1270,0.3191,0.2134,low
1271,0.337,0.6781,medium
1272,0.4016,0.4583,low
1273,0.0761,0.5927,low
1274,0.2492,0.1787,medium
1275,0.5406,0.7317,medium
1276,0.2105,0.8551,high
1277,0.3405,0.7208,high
1278,0.1694,0.6366,medium
1279,0.2623,0.2602,low
1280,0.0803,0.8046,medium
1281,0.3361,0.1613,low
1282,0.1039,0.3067,low
1283,0.651,0.5323,high
1284,0.0753,0.5798,medium
1285,0.3335,0.8223,low
1286,0.3741,0.3613,medium
1287,0.0022,0.1805,low
1288,0.584,0.3756,low
1289,0.3134,0.4917,medium
1290,0.3559,0.1966,low
1291,0.2435,0.686,medium
1292,0.4023,0.3383,medium
1293,0.263,0.7413,low
1294,0.1466,0.983,low
1295,0.3065,0.6252,medium
1296,0.2327,0.6894,medium
1297,0.0993,0.3913,high
1298,0.0766,0.5017,high
1299,0.1496,0.509,low
1300,0.1253,0.9204,medium
1301,0.0983,0.6136,low
1302,0.2535,0.3386,low
1303,0.299,0.16,low
1304,0.4189,0.757,low
1305,0.4154,0.4383,medium
1306,0.2408,0.583,medium
1307,0.6563,0.8464,low
1308,0.1413,0.4339,high
1309,0.324,0.6612,medium
1310,0.14,0.6427,medium
1311,0.2113,0.2086,low
1312,0.3778,0.141,low
1313,0.4426,0.2416,low
1314,0.3639,0.5104,low
1315,0.2021,0.4158,high
1316,0.1587,0.1288,low
1317,0.2997,0.5963,low
1318,0.3927,0.5416,low
1319,0.2114,0.5685,medium
1320,0.321,0.6414,high
1321,0.1433,0.1853,low
1322,0.4385,0.3511,medium
1323,0.2022,0.4513,low
1324,0.3348,0.5407,low
1325,0.4659,0.5469,medium
1326,0.312,0.1885,medium
1327,0.3698,0.6759,low
1328,0.404,0.2653,low
1329,0.4438,0.5845,medium
1330,0.3876,0.4835,medium
1331,0.2485,0.2086,medium
1332,0.4681,0.2514,low
1333,0.2859,0.6087,medium
1334,0.214,0.7318,high
1335,0.2762,0.411,high
1336,0.4861,0.4811,low
1337,0.4005,0.2824,low
1338,0.4301,0.5903,medium
1339,0.3684,0.9445,low
1340,0.3931,0.6403,medium
1341,0.3069,0.7527,low
1342,0.3187,0.2471,low
1343,0.1923,0.5528,medium
1344,0.6134,0.2685,low
1345,0.1632,0.1757,low
1346,0.21,0.2687,medium
1347,0.4383,0.8523,low
1348,0.3585,0.3326,low
1349,0.199,0.3731,low
1350,0.2627,0.4509,low
1351,0.354,0.5075,low
1352,0.5314,0.4169,low
1353,0.3766,0.4812,low
1354,0.4924,0.3651,high
1355,0.296,0.5731,medium
1356,0.1297,0.1776,medium
1357,0.1841,0.1344,medium
1358,0.1948,0.6195,medium
1359,0.2609,0.2945,medium
1360,0.1685,0.1965,high
1361,0.1154,0.1406,medium
1362,0.2491,0.5585,medium
1363,0.4191,0.479,low
1364,0.017,0.3089,medium
1365,0.7666,0.5176,low
1366,0.2591,0.8236,medium
1367,0.1742,0.2951,medium
1368,0.2387,0.1662,low
1369,0.2407,0.6042,low
1370,0.3231,0.0821,high
1371,0.4187,0.4512,low
1372,0.3678,0.5526,medium
1373,0.167,0.4321,low
1374,0.5581,0.5944,medium
1375,0.2111,0.3823,high
1376,0.0395,0.6023,medium
1377,0.6491,0.4458,low
1378,0.1555,0.9435,medium
1379,0.3002,0.8972,low
1380,0.6217,0.8624,low
1381,0.1594,0.2305,medium
1382,0.5028,0.8038,high
1383,0.3115,0.7589,medium
1384,0.2797,0.3,medium
1385,0.1485,0.2067,low
1386,0.2672,0.7323,low
1387,0.2123,0.7071,low
1388,0.2423,0.5,high
1389,0.2322,0.5487,low
1390,0.2993,0.116,medium
1391,0.166,0.5516,low
1392,0.1926,0.3191,low
1393,0.3497,0.5808,low
1394,0.3418,0.2643,high
1395,0.5237,0.5492,low
1396,0.0432,0.676,low
1397,0.3717,0.8071,low
1398,0.3152,0.4815,low
1399,0.3376,0.2677,low
1400,0.046,0.267,high
1401,0.5598,0.3254,high
1402,0.2507,0.2767,medium
1403,0.3029,0.564,medium
1404,0.0868,0.7056,low
1405,0.168,0.3463,high
1406,0.1605,0.2345,low
1407,0.4333,0.51,low
1408,0.4864,0.5033,low
1409,0.1997,0.4141,high
1410,0.2196,0.8285,low
1411,0.2514,0.1863,low
1412,0.2506,0.3528,low
1413,0.1443,0.5195,low
1414,0.0974,0.37,medium
1415,0.4706,0.4572,medium
1416,0.1842,0.6444,medium
1417,0.4377,0.4699,medium
1418,0.108,0.0203,low
1419,0.1757,0.7544,medium
1420,0.3246,0.2,high
1421,0.2427,0.52,low
1422,0.186,0.2411,low
1423,0.4818,0.5191,medium
1424,0.1089,0.7112,medium
1425,0.2442,0.2957,high
1426,0.3138,0.2699,low
1427,0.3389,0.7206,medium
1428,0.4356,0.4373,medium
1429,0.2006,0.4093,medium
1430,0.2446,0.3896,low
1431,0.2284,0.4224,high
1432,0.4498,0.6838,low
1433,0.1576,0.474,low
1434,0.4303,0.7091,medium
1435,0.1179,0.1674,low
1436,0.1113,0.3256,low
1437,0.1495,0.8348,high
1438,0.3651,0.9111,medium
1439,0.1934,0.4095,high
1440,0.1196,0.0433,low
1441,0.1702,0.2295,low
1442,0.1889,0.3469,low
1443,0.3129,0.1019,low
1444,0.2854,0.9053,low
1445,0.4053,0.5223,high
1446,0.3851,0.2865,low
1447,0.188,0.5381,medium
1448,0.0206,0.4325,medium
1449,0.2165,0.3714,low
1450,0.3481,0.7545,low
1451,0.2359,0.5746,medium
1452,0.1522,0.7214,low
1453,0.2719,0.2542,low
1454,0.3912,0.1805,medium
1455,0.4014,0.4604,low
1456,0.4042,0.364,low
1457,0.2712,0.307,medium
1458,0.1879,0.5357,low
1459,0.3768,0.5547,medium
1460,0.2858,0.6048,low
1461,0.4923,0.6356,medium
1462,0.4771,0.6287,medium
1463,0.2304,0.7795,high
1464,0.3852,0.4177,medium
1465,0.0792,0.559,medium
1466,0.1228,0.5584,medium
1467,0.393,0.625,low
1468,0.4471,0.5646,low
1469,0.1235,0.8333,medium
1470,0.1254,0.1635,medium
1471,0.0561,0.2356,high
1472,0.6099,0.0337,medium
1473,0.347,0.1449,low
1474,0.1246,0.7806,low
1475,0.3354,0.2529,low
1476,0.1614,0.2504,high
1477,0.0686,0.383,low
1478,0.2194,0.5467,medium
1479,0.7874,0.2318,low
1480,0.3833,0.6302,high
1481,0.3608,0.1673,low
1482,0.1166,0.4295,high
1483,0.2001,0.7474,medium
1484,0.5417,0.3427,low
1485,0.3152,0.1599,medium
1486,0.131,0.5224,low
1487,0.514,0.1202,low
1488,0.3857,0.7162,low
1489,0.0919,0.3749,low
1490,0.1497,0.4234,low
1491,0.4936,0.2699,medium
1492,0.2295,0.6465,high
1493,0.5017,0.3229,low
1494,0.5576,0.1978,medium
1495,0.2763,0.7854,low
1496,0.2464,0.4397,low
1497,0.0444,0.6922,low
1498,0.1944,0.3072,high
1499,0.121,0.583,low
1500,0.2223,0.3412,low
1501,0.368,0.6185,medium
1502,0.1722,0.497,low
1503,0.1001,0.7613,low
1504,0.2889,0.6433,low
1505,0.2532,0.5794,low
1506,0.2172,0.4961,low
1507,0.4929,0.5133,low
1508,0.1652,0.3994,high
1509,0.3423,0.587,medium
1510,0.2873,0.5277,low
1511,0.3271,0.2389,low
1512,0.5868,0.5128,high
1513,0.3602,0.3994,medium
1514,0.2114,0.3739,medium
1515,0.2397,0.6586,medium
1516,0.2599,0.5598,low
1517,0.1333,0.6303,low
1518,0.3986,0.3588,low
1519,0.3584,0.3839,low
1520,0.2125,0.0773,high
1521,0.1678,0.2552,low
1522,0.2851,0.2045,low
1523,0.1767,0.3128,high
1524,0.3488,0.7214,high
1525,0.1212,0.2983,low
1526,0.3977,0.3286,low
1527,0.1804,0.4312,medium
1528,0.5128,0.1616,low
1529,0.1985,0.9213,high
1530,0.2829,0.0973,low
1531,0.1016,0.5835,low
1532,0.2164,0.9253,medium
1533,0.2788,0.6587,medium
1534,0.3286,0.3638,high
1535,0.511,0.3055,medium
1536,0.0758,0.1462,low
1537,0.4793,0.3297,medium
1538,0.3189,0.2763,low
1539,0.0798,0.7056,low
1540,0.544,0.3298,low
1541,0.306,0.4311,low
1542,0.2314,0.4386,low
1543,0.5113,0.6132,medium
1544,0.0451,0.5443,low
1545,0.4231,0.4691,low
1546,0.0805,0.3902,low
1547,0.2763,0.8474,medium
1548,0.3059,0.2487,low
1549,0.1919,0.0451,low
1550,0.1054,0.8532,high
1551,0.1775,0.9028,medium
1552,0.3352,0.3295,high
1553,0.4345,0.0935,high
1554,0.1145,0.611,low
1555,0.1159,0.5284,high
1556,0.2611,0.409,medium
1557,0.1306,0.2185,low
1558,0.1194,0.3683,medium
1559,0.0685,0.6967,low
1560,0.3928,0.7964,low
1561,0.505,0.9427,low
1562,0.2075,0.4305,medium
1563,0.468,0.4963,high
1564,0.1726,0.5159,low
1565,0.3853,0.3677,medium
1566,0.2884,0.2704,low
1567,0.2097,0.1938,high
1568,0.1329,0.5726,low
1569,0.2243,0.3405,low
1570,0.0973,0.5459,medium
1571,0.0737,0.6567,medium
1572,0.2187,0.5786,low
1573,0.3545,0.3893,medium
1574,0.2954,0.7048,medium
1575,0.2051,0.6574,low
1576,0.3571,0.4315,low
1577,0.5011,0.5795,low
1578,0.2901,0.6449,medium
1579,0.1965,0.59,medium
1580,0.3449,0.7472,low
1581,0.1296,0.4136,medium
1582,0.5222,0.3176,low
1583,0.1181,0.6557,low
1584,0.1009,0.2735,medium
1585,0.2561,0.6981,low
1586,0.2547,0.4969,high
1587,0.256,0.1151,high
1588,0.2936,0.2492,low
1589,0.3568,0.6149,low
1590,0.1751,0.0636,low
1591,0.1945,0.4537,low
1592,0.1378,0.2527,high
1593,0.1323,0.6768,low
1594,0.3076,0.8226,low
1595,0.4754,0.5889,medium
1596,0.5279,0.5754,medium
1597,0.4962,0.3847,medium
1598,0.0898,0.8244,medium
1599,0.2259,0.1517,medium
1600,0.1325,0.7416,low
1601,0.1232,0.5918,low
1602,0.2051,0.756,medium
1603,0.1483,0.3781,medium
1604,0.3856,0.2811,low
1605,0.2421,0.81,high
1606,0.2354,0.2404,medium
1607,0.7376,0.8529,low
1608,0.3004,0.5138,high
1609,0.4365,0.4173,medium
1610,0.3067,0.4543,high
1611,0.2736,0.2659,medium
1612,0.3298,0.7361,medium
1613,0.1183,0.7586,low
1614,0.1893,0.5057,low
1615,0.4476,0.6867,medium
1616,0.6326,0.2226,medium
1617,0.0495,0.2546,high
1618,0.257,0.9245,low
1619,0.1879,0.4087,medium
1620,0.0599,0.7187,low
1621,0.1746,0.4372,medium
1622,0.0302,0.3281,low
1623,0.4798,0.6239,medium
1624,0.1289,0.1801,medium
1625,0.1219,0.8568,high
1626,0.2557,0.8216,medium
1627,0.129,0.6486,low
1628,0.2039,0.5011,medium
1629,0.2384,0.2355,medium
1630,0.0735,0.3061,low
1631,0.3321,0.2612,low
1632,0.1446,0.4219,high
1633,0.3348,0.3464,low
1634,0.1831,0.5915,low
1635,0.0708,0.6823,medium
1636,0.0454,0.1978,low
1637,0.2702,0.482,medium
1638,0.5415,0.6389,low
1639,0.1296,0.6926,low
1640,0.0927,0.649,low
1641,0.3909,0.0925,medium
1642,0.5079,0.5012,low
1643,0.302,0.7082,low
1644,0.1039,0.6866,medium
1645,0.0956,0.2168,medium
1646,0.5656,0.3008,low
1647,0.5493,0.9684,medium
1648,0.3769,0.6558,low
1649,0.0226,0.4182,low
1650,0.4361,0.3431,low
1651,0.3871,0.1813,medium
1652,0.1076,0.4729,high
1653,0.2239,0.6432,low
1654,0.3549,0.5601,low
1655,0.3467,0.5165,high
1656,0.2756,0.4609,low
1657,0.4159,0.4048,high
1658,0.035,0.4669,medium
1659,0.6268,0.6271,high
1660,0.3033,0.0846,medium
1661,0.1616,0.4251,low
1662,0.3192,0.4134,medium
1663,0.4788,0.3942,low
1664,0.2309,0.7318,medium
1665,0.3005,0.7278,low
1666,0.0976,0.6797,medium
1667,0.4713,0.7907,low
1668,0.426,0.3342,low
1669,0.5155,0.5386,low
1670,0.4708,0.4695,low
1671,0.2116,0.8631,low
1672,0.5243,0.4918,low
1673,0.3698,0.7632,high
1674,0.6328,0.7237,medium
1675,0.2948,0.4661,medium
1676,0.2221,0.2996,medium
1677,0.5045,0.8694,low
1678,0.4283,0.5446,medium
1679,0.0677,0.1446,medium
1680,0.3808,0.7134,low
1681,0.2407,0.313,medium
1682,0.3712,0.4061,high
1683,0.4019,0.3633,low
1684,0.1081,0.6724,low
1685,0.5696,0.6913,medium
1686,0.305,0.125,low
1687,0.3022,0.5379,low
1688,0.1344,0.5832,low
1689,0.2543,0.6135,low
1690,0.5412,0.4553,medium
1691,0.2679,0.5907,high
1692,0.6307,0.4029,medium
1693,0.2429,0.8635,medium
1694,0.0885,0.2648,low
1695,0.343,0.3859,low
1696,0.3045,0.4015,low
1697,0.1075,0.1441,low
1698,0.0592,0.4875,medium
1699,0.0901,0.185,high
1700,0.2811,0.1143,low
1701,0.2388,0.2463,high
1702,0.3049,0.322,medium
1703,0.1005,0.226,low
1704,0.3478,0.4196,medium
1705,0.0564,0.5738,low
1706,0.1752,0.6083,medium
1707,0.3312,0.1414,medium
1708,0.4079,0.7338,medium
1709,0.064,0.4164,medium
1710,0.2415,0.1015,medium
1711,0.1679,0.4574,low
1712,0.1501,0.6126,high
1713,0.1322,0.8052,low
1714,0.3457,0.8084,medium
1715,0.2272,0.2041,medium
1716,0.2716,0.2471,low
1717,0.3327,0.3192,low
1718,0.395,0.5417,low
1719,0.2301,0.3237,low
1720,0.295,0.1667,medium
1721,0.332,0.5136,high
1722,0.3303,0.3496,low
1723,0.356,0.6566,medium
1724,0.2231,0.6429,medium
1725,0.2703,0.5564,medium
1726,0.0188,0.5892,medium
1727,0.1324,0.5539,medium
1728,0.1209,0.2506,low
1729,0.3411,0.3109,medium
1730,0.2941,0.8186,medium
1731,0.497,0.4991,high
1732,0.3281,0.5912,medium
1733,0.2978,0.536,high
1734,0.246,0.107,low
1735,0.2294,0.4283,medium
1736,0.1273,0.1797,medium
1737,0.0791,0.4781,low
1738,0.2659,0.5143,medium
1739,0.4929,0.399,medium
1740,0.3649,0.5245,medium
1741,0.3345,0.8028,medium
1742,0.572,0.7887,medium
1743,0.2941,0.582,high
1744,0.2068,0.4799,low
1745,0.4272,0.5908,low
1746,0.1948,0.6188,high
1747,0.1246,0.5917,low
1748,0.2468,0.3806,medium
1749,0.1409,0.1847,medium
1750,0.3924,0.5851,low
1751,0.0719,0.1692,medium
1752,0.385,0.9717,medium
1753,0.3947,0.3228,low
1754,0.3334,0.8712,low
1755,0.4529,0.6783,medium
1756,0.3374,0.2954,medium
1757,0.0984,0.698,low
1758,0.4971,0.4027,low
1759,0.2233,0.3566,medium
1760,0.5233,0.4054,medium
1761,0.3144,0.434,medium
1762,0.5829,0.2921,high
1763,0.3286,0.6658,medium
1764,0.215,0.5979,medium
1765,0.1164,0.0325,medium
1766,0.0943,0.1283,medium
1767,0.5516,0.5072,high
1768,0.3619,0.0794,low
1769,0.2056,0.8976,medium
1770,0.1667,0.4956,low
1771,0.6247,0.1991,medium
1772,0.3484,0.5901,medium
1773,0.418,0.0699,low
1774,0.0959,0.246,medium
1775,0.1154,0.647,medium
1776,0.0532,0.1225,high
1777,0.46,0.27,medium
1778,0.4744,0.6921,medium
1779,0.3599,0.6504,low
1780,0.1937,0.2051,high
1781,0.455,0.6515,medium
1782,0.1275,0.5025,medium
1783,0.2005,0.2871,medium
1784,0.4296,0.3841,high
1785,0.4419,0.3929,medium
1786,0.1889,0.5274,low
1787,0.0889,0.4678,low
1788,0.3147,0.7292,low
1789,0.2648,0.7113,low
1790,0.2013,0.27,low
1791,0.1049,0.6028,medium
1792,0.2087,0.8492,medium
1793,0.2232,0.513,high
1794,0.2756,0.5352,high
1795,0.5171,0.8828,low
1796,0.3342,0.2885,medium
1797,0.0468,0.6264,high
1798,0.3707,0.4474,medium
1799,0.299,0.3987,low
1800,0.069,0.6792,high
1801,0.2756,0.2839,medium
1802,0.1278,0.4844,medium
1803,0.328,0.3881,low
1804,0.3961,0.4553,medium
1805,0.1115,0.7383,high
1806,0.5266,0.7042,medium
1807,0.2533,0.4566,low
1808,0.2352,0.6289,low
1809,0.1012,0.4532,high
1810,0.165,0.4189,high
1811,0.1696,0.3511,high
1812,0.0058,0.235,medium
1813,0.3615,0.1329,low
1814,0.0742,0.586,medium
1815,0.1329,0.3776,low
1816,0.4836,0.8771,low
1817,0.4147,0.7612,low
1818,0.0271,0.205,low
1819,0.3986,0.4369,medium
1820,0.0967,0.3057,medium
1821,0.3538,0.6739,low
1822,0.1458,0.8468,high
1823,0.1727,0.5631,low
1824,0.1894,0.8868,high
1825,0.2593,0.7104,low
1826,0.1807,0.4593,low
1827,0.3672,0.5391,medium
1828,0.2262,0.2799,low
1829,0.4695,0.3088,medium
1830,0.4213,0.714,medium
1831,0.039,0.5019,low
1832,0.4218,0.6458,medium
1833,0.0183,0.7419,medium
1834,0.3263,0.4299,low
1835,0.5538,0.2976,medium
1836,0.9068,0.2781,high
1837,0.2015,0.589,low
1838,0.1813,0.194,low
1839,0.5331,0.221,low
1840,0.0543,0.3608,medium
1841,0.273,0.5252,high
1842,0.4128,0.4841,medium
1843,0.3952,0.1198,medium
1844,0.3729,0.3209,low
1845,0.3038,0.6156,medium
1846,0.2978,0.719,low
1847,0.2756,0.6349,low
1848,0.3402,0.2054,low
1849,0.36,0.5665,medium
1850,0.1515,0.6792,medium
1851,0.1117,0.1721,medium
1852,0.3992,0.7275,low
1853,0.2902,0.0671,low
1854,0.3647,0.7303,medium
1855,0.3112,0.2476,low
1856,0.2449,0.3665,low
1857,0.1617,0.256,high
1858,0.1651,0.4255,medium
1859,0.5695,0.3296,high
1860,0.4036,0.8104,high
1861,0.5691,0.3024,medium
1862,0.1544,0.1896,low
1863,0.1686,0.3924,medium
1864,0.2325,0.4215,low
1865,0.182,0.3014,low
1866,0.2535,0.4842,medium
1867,0.5591,0.4855,low
1868,0.2036,0.1114,low
1869,0.2314,0.9,low
1870,0.3655,0.8787,medium
1871,0.344,0.8335,medium
1872,0.5914,0.3781,low
1873,0.3816,0.16,medium
1874,0.1721,0.7252,low
1875,0.2407,0.471,low
1876,0.1685,0.5258,low
1877,0.2921,0.7523,medium
1878,0.2768,0.3295,low
1879,0.152,0.7645,low
1880,0.1916,0.5608,low
1881,0.0982,0.8138,medium
1882,0.279,0.5038,low
1883,0.5317,0.5637,medium
1884,0.2438,0.7393,low
1885,0.437,0.7546,medium
1886,0.4882,0.3689,low
1887,0.2439,0.8664,low
1888,0.2816,0.2427,low
1889,0.2525,0.454,medium
1890,0.0864,0.3033,low
1891,0.1794,0.5637,low
1892,0.3425,0.6722,medium
1893,0.152,0.867,high
1894,0.302,0.5214,medium
1895,0.2785,0.6188,high
1896,0.3359,0.2211,low
1897,0.4192,0.7582,medium
1898,0.2478,0.2871,medium
1899,0.3383,0.5964,low
1900,0.1202,0.0638,low
1901,0.1048,0.7693,low
1902,0.2017,0.0613,high
1903,0.344,0.435,medium
1904,0.292,0.7182,low
1905,0.1842,0.5828,medium
1906,0.3725,0.2573,medium
1907,0.308,0.8267,low
1908,0.4023,0.4151,low
1909,0.1177,0.2671,medium
1910,0.1132,0.813,low
1911,0.1149,0.4045,low
1912,0.1117,0.3267,medium
1913,0.206,0.8532,low
1914,0.0978,0.217,medium
1915,0.4447,0.0719,low
1916,0.2167,0.3624,medium
1917,0.5229,0.7645,low
1918,0.1576,0.6106,medium
1919,0.5784,0.7584,low
1920,0.3993,0.9578,low
1921,0.0969,0.6081,low
1922,0.3801,0.5485,low
1923,0.5648,0.3073,low
1924,0.7255,0.6198,medium
1925,0.105,0.8624,medium
1926,0.0964,0.9506,medium
1927,0.3052,0.7008,medium
1928,0.3699,0.5752,low
1929,0.4194,0.5362,high
1930,0.058,0.4193,low
1931,0.092,0.4562,low
1932,0.1174,0.7948,low
1933,0.0478,0.1067,low
1934,0.0521,0.3054,medium
1935,0.1831,0.5995,low
1936,0.2882,0.2977,low
1937,0.1754,0.3108,low
1938,0.1708,0.591,low
1939,0.0531,0.4952,medium
1940,0.4792,0.39,low
1941,0.4973,0.386,low
1942,0.1252,0.502,medium
1943,0.4491,0.5449,medium
1944,0.5672,0.5512,high
1945,0.406,0.4467,low
1946,0.2426,0.5299,medium
1947,0.6948,0.6012,low
1948,0.3845,0.4028,medium
1949,0.4805,0.4368,medium
1950,0.2623,0.9622,low
1951,0.3662,0.8183,low
1952,0.2386,0.7434,low
1953,0.2027,0.4905,low
1954,0.0249,0.376,medium
1955,0.1376,0.4703,low
1956,0.1139,0.0211,medium
1957,0.1534,0.233,medium
1958,0.395,0.1348,low
1959,0.4106,0.5941,low
1960,0.15,0.9084,low
1961,0.496,0.5445,low
1962,0.4924,0.9299,high
1963,0.1474,0.8798,high
1964,0.3957,0.2295,low
1965,0.3796,0.5994,low
1966,0.1657,0.7638,medium
1967,0.3345,0.4235,medium
1968,0.4641,0.4236,medium
1969,0.2062,0.691,medium
1970,0.4639,0.0783,low
1971,0.5209,0.6553,high
1972,0.616,0.2995,medium
1973,0.2086,0.4772,low
1974,0.0732,0.4086,low
1975,0.128,0.629,low
1976,0.4867,0.571,low
1977,0.2911,0.6631,high
1978,0.5303,0.2094,medium
1979,0.4648,0.2466,low
1980,0.6573,0.3108,low
1981,0.3003,0.1993,low
1982,0.5461,0.5534,medium
1983,0.1155,0.7784,high
1984,0.1059,0.0364,low
1985,0.4224,0.5107,low
1986,0.5215,0.217,low
1987,0.5484,0.5345,medium
1988,0.2477,0.3517,medium
1989,0.4679,0.6569,low
1990,0.2229,0.679,high
1991,0.3505,0.2658,medium
1992,0.2954,0.6453,low
1993,0.1439,0.4063,low
1994,0.2075,0.5003,medium
1995,0.1258,0.3654,medium
1996,0.1259,0.5844,medium
1997,0.0822,0.5808,medium
1998,0.3746,0.6149,low
1999,0.5377,0.7981,low
2000,0.5062,0.2304,low
