id,name,short_description,long_description,features,category,image_url,price,created_on,updated_on
1,Water Bottle Model-1,High quality water bottle model-1 built for durability.,Experience premium performance with the Water Bottle Model-1.,Premium Quality/Durable Build/Version v1,others,https://images.unsplash.com/photo-1576143656?auto=format&fit=crop&w=500&q=80&sig=1,2747.68,2026-06-10 10:14:54,2026-07-06 09:58:19
2,Electric Razor Model-2,High quality electric razor model-2 built for durability.,Experience premium performance with the Electric Razor Model-2.,Premium Quality/Durable Build/Version v2,beauty,https://images.unsplash.com/photo-1540909895?auto=format&fit=crop&w=500&q=80&sig=2,2653.19,2026-02-22 13:32:37,2026-04-23 05:53:19
3,Water Bottle Model-3,High quality water bottle model-3 built for durability.,Experience premium performance with the Water Bottle Model-3.,Premium Quality/Durable Build/Version v3,others,https://images.unsplash.com/photo-1588807492?auto=format&fit=crop&w=500&q=80&sig=3,2173.06,2026-03-17 18:43:10,2026-04-26 10:33:48
4,Puzzle Set Model-4,High quality puzzle set model-4 built for durability.,Experience premium performance with the Puzzle Set Model-4.,Premium Quality/Durable Build/Version v4,toys,https://images.unsplash.com/photo-1522476442?auto=format&fit=crop&w=500&q=80&sig=4,780.39,2026-04-03 21:49:08,2026-04-08 21:19:44
5,Office Chair Model-5,High quality office chair model-5 built for durability.,Experience premium performance with the Office Chair Model-5.,Premium Quality/Durable Build/Version v5,furniture,https://images.unsplash.com/photo-1557999794?auto=format&fit=crop&w=500&q=80&sig=5,572.86,2026-03-25 11:45:12,2026-03-30 10:20:21
6,Headphones Model-6,High quality headphones model-6 built for durability.,Experience premium performance with the Headphones Model-6.,Premium Quality/Durable Build/Version v6,electronics,https://images.unsplash.com/photo-1597039107?auto=format&fit=crop&w=500&q=80&sig=6,1312.46,2026-06-24 09:09:01,2026-07-18 04:32:18
7,Hair Dryer Model-7,High quality hair dryer model-7 built for durability.,Experience premium performance with the Hair Dryer Model-7.,Premium Quality/Durable Build/Version v7,beauty,https://images.unsplash.com/photo-1578923501?auto=format&fit=crop&w=500&q=80&sig=7,126.77,2026-03-18 18:04:28,2026-04-21 03:21:50
8,Bed Frame Model-8,High quality bed frame model-8 built for durability.,Experience premium performance with the Bed Frame Model-8.,Premium Quality/Durable Build/Version v8,furniture,https://images.unsplash.com/photo-1523397801?auto=format&fit=crop&w=500&q=80&sig=8,858.9,2026-02-15 19:44:14,2026-02-20 18:02:31
9,Wool Sweater Model-9,High quality wool sweater model-9 built for durability.,Experience premium performance with the Wool Sweater Model-9.,Premium Quality/Durable Build/Version v9,clothing,https://images.unsplash.com/photo-1525032321?auto=format&fit=crop&w=500&q=80&sig=9,229.41,2026-02-28 22:53:51,2026-04-04 13:13:40
10,Running Shoes Model-10,High quality running shoes model-10 built for durability.,Experience premium performance with the Running Shoes Model-10.,Premium Quality/Durable Build/Version v10,clothing,https://images.unsplash.com/photo-1555345599?auto=format&fit=crop&w=500&q=80&sig=10,1578.27,2026-02-24 19:56:41,2026-04-06 12:06:22
11,Juicer Model-11,High quality juicer model-11 built for durability.,Experience premium performance with the Juicer Model-11.,Premium Quality/Durable Build/Version v11,kitchen,https://images.unsplash.com/photo-1531783572?auto=format&fit=crop&w=500&q=80&sig=11,1853.47,2026-02-26 16:57:28,2026-04-09 07:25:20
12,Monitor Model-12,High quality monitor model-12 built for durability.,Experience premium performance with the Monitor Model-12.,Premium Quality/Durable Build/Version v12,computers,https://images.unsplash.com/photo-1589335584?auto=format&fit=crop&w=500&q=80&sig=12,342.79,2026-06-11 13:12:16,2026-08-08 21:26:53
13,Keyboard Model-13,High quality keyboard model-13 built for durability.,Experience premium performance with the Keyboard Model-13.,Premium Quality/Durable Build/Version v13,computers,https://images.unsplash.com/photo-1585435132?auto=format&fit=crop&w=500&q=80&sig=13,2623.05,2026-04-03 07:08:56,2026-04-25 03:21:10
14,Puzzle Set Model-14,High quality puzzle set model-14 built for durability.,Experience premium performance with the Puzzle Set Model-14.,Premium Quality/Durable Build/Version v14,toys,https://images.unsplash.com/photo-1595850634?auto=format&fit=crop&w=500&q=80&sig=14,299.42,2026-03-11 04:35:15,2026-03-13 09:24:43
15,Sofa Model-15,High quality sofa model-15 built for durability.,Experience premium performance with the Sofa Model-15.,Premium Quality/Durable Build/Version v15,furniture,https://images.unsplash.com/photo-1545571102?auto=format&fit=crop&w=500&q=80&sig=15,1194.66,2026-01-26 10:40:16,2026-03-24 21:53:57
16,Sofa Model-16,High quality sofa model-16 built for durability.,Experience premium performance with the Sofa Model-16.,Premium Quality/Durable Build/Version v16,furniture,https://images.unsplash.com/photo-1535701686?auto=format&fit=crop&w=500&q=80&sig=16,1507.93,2026-06-25 01:19:04,2026-07-26 15:13:57
17,Water Bottle Model-17,High quality water bottle model-17 built for durability.,Experience premium performance with the Water Bottle Model-17.,Premium Quality/Durable Build/Version v17,others,https://images.unsplash.com/photo-1557504219?auto=format&fit=crop&w=500&q=80&sig=17,1750.53,2026-01-28 13:51:44,2026-03-07 09:39:17
18,Biography Model-18,High quality biography model-18 built for durability.,Experience premium performance with the Biography Model-18.,Premium Quality/Durable Build/Version v18,books,https://images.unsplash.com/photo-1520352680?auto=format&fit=crop&w=500&q=80&sig=18,964.12,2026-03-04 22:13:21,2026-04-05 22:07:18
19,Keyboard Model-19,High quality keyboard model-19 built for durability.,Experience premium performance with the Keyboard Model-19.,Premium Quality/Durable Build/Version v19,computers,https://images.unsplash.com/photo-1575298249?auto=format&fit=crop&w=500&q=80&sig=19,2142.11,2026-05-06 21:08:54,2026-06-05 02:13:58
20,Power Bank Model-20,High quality power bank model-20 built for durability.,Experience premium performance with the Power Bank Model-20.,Premium Quality/Durable Build/Version v20,electronics,https://images.unsplash.com/photo-1588264857?auto=format&fit=crop&w=500&q=80&sig=20,1030.66,2026-01-01 20:00:41,2026-01-11 15:07:38
21,Yoga Mat Model-21,High quality yoga mat model-21 built for durability.,Experience premium performance with the Yoga Mat Model-21.,Premium Quality/Durable Build/Version v21,fitness,https://images.unsplash.com/photo-1525271799?auto=format&fit=crop&w=500&q=80&sig=21,765.53,2026-02-26 22:31:35,2026-04-01 18:41:18
22,Treadmill Model-22,High quality treadmill model-22 built for durability.,Experience premium performance with the Treadmill Model-22.,Premium Quality/Durable Build/Version v22,fitness,https://images.unsplash.com/photo-1527800313?auto=format&fit=crop&w=500&q=80&sig=22,1364.99,2026-06-21 16:05:43,2026-08-10 16:17:24
23,RC Car Model-23,High quality rc car model-23 built for durability.,Experience premium performance with the RC Car Model-23.,Premium Quality/Durable Build/Version v23,toys,https://images.unsplash.com/photo-1537227150?auto=format&fit=crop&w=500&q=80&sig=23,349.15,2026-01-05 07:52:40,2026-01-12 03:01:08
24,Makeup Kit Model-24,High quality makeup kit model-24 built for durability.,Experience premium performance with the Makeup Kit Model-24.,Premium Quality/Durable Build/Version v24,beauty,https://images.unsplash.com/photo-1582080363?auto=format&fit=crop&w=500&q=80&sig=24,2898.8,2026-02-12 15:47:23,2026-03-08 08:11:25
25,Keyboard Model-25,High quality keyboard model-25 built for durability.,Experience premium performance with the Keyboard Model-25.,Premium Quality/Durable Build/Version v25,computers,https://images.unsplash.com/photo-1539308380?auto=format&fit=crop&w=500&q=80&sig=25,1654.78,2026-01-16 11:52:36,2026-03-13 14:27:24
26,Bed Frame Model-26,High quality bed frame model-26 built for durability.,Experience premium performance with the Bed Frame Model-26.,Premium Quality/Durable Build/Version v26,furniture,https://images.unsplash.com/photo-1575634755?auto=format&fit=crop&w=500&q=80&sig=26,440.71,2026-05-05 22:36:01,2026-05-31 04:04:09
27,Wool Sweater Model-27,High quality wool sweater model-27 built for durability.,Experience premium performance with the Wool Sweater Model-27.,Premium Quality/Durable Build/Version v27,clothing,https://images.unsplash.com/photo-1592501078?auto=format&fit=crop&w=500&q=80&sig=27,2390.23,2026-01-03 02:09:26,2026-01-12 18:57:07
28,Webcam Model-28,High quality webcam model-28 built for durability.,Experience premium performance with the Webcam Model-28.,Premium Quality/Durable Build/Version v28,computers,https://images.unsplash.com/photo-1549440791?auto=format&fit=crop&w=500&q=80&sig=28,2163.92,2026-01-09 12:41:48,2026-03-08 05:54:59
29,Cookbook Model-29,High quality cookbook model-29 built for durability.,Experience premium performance with the Cookbook Model-29.,Premium Quality/Durable Build/Version v29,books,https://images.unsplash.com/photo-1522382984?auto=format&fit=crop&w=500&q=80&sig=29,1297.2,2026-03-27 01:35:27,2026-04-04 06:44:08
30,Monitor Model-30,High quality monitor model-30 built for durability.,Experience premium performance with the Monitor Model-30.,Premium Quality/Durable Build/Version v30,computers,https://images.unsplash.com/photo-1592426556?auto=format&fit=crop&w=500&q=80&sig=30,2951.26,2026-05-15 16:27:09,2026-05-30 12:41:06
31,Biography Model-31,High quality biography model-31 built for durability.,Experience premium performance with the Biography Model-31.,Premium Quality/Durable Build/Version v31,books,https://images.unsplash.com/photo-1543418643?auto=format&fit=crop&w=500&q=80&sig=31,1506.83,2026-06-12 19:48:08,2026-07-10 17:27:30
32,Laptop Stand Model-32,High quality laptop stand model-32 built for durability.,Experience premium performance with the Laptop Stand Model-32.,Premium Quality/Durable Build/Version v32,computers,https://images.unsplash.com/photo-1563915714?auto=format&fit=crop&w=500&q=80&sig=32,646.12,2026-02-09 14:41:53,2026-03-04 17:46:19
33,RC Car Model-33,High quality rc car model-33 built for durability.,Experience premium performance with the RC Car Model-33.,Premium Quality/Durable Build/Version v33,toys,https://images.unsplash.com/photo-1596338504?auto=format&fit=crop&w=500&q=80&sig=33,2375.84,2026-04-13 22:18:45,2026-05-08 21:54:26
34,Dumbbell Set Model-34,High quality dumbbell set model-34 built for durability.,Experience premium performance with the Dumbbell Set Model-34.,Premium Quality/Durable Build/Version v34,fitness,https://images.unsplash.com/photo-1590763274?auto=format&fit=crop&w=500&q=80&sig=34,2786.93,2026-05-25 01:05:08,2026-07-10 06:06:07
35,Umbrella Model-35,High quality umbrella model-35 built for durability.,Experience premium performance with the Umbrella Model-35.,Premium Quality/Durable Build/Version v35,others,https://images.unsplash.com/photo-1585138299?auto=format&fit=crop&w=500&q=80&sig=35,794.49,2026-05-12 07:38:37,2026-06-14 17:21:20
36,Laptop Stand Model-36,High quality laptop stand model-36 built for durability.,Experience premium performance with the Laptop Stand Model-36.,Premium Quality/Durable Build/Version v36,computers,https://images.unsplash.com/photo-1541813367?auto=format&fit=crop&w=500&q=80&sig=36,30.09,2026-06-23 23:42:43,2026-07-22 18:53:12
37,Hair Dryer Model-37,High quality hair dryer model-37 built for durability.,Experience premium performance with the Hair Dryer Model-37.,Premium Quality/Durable Build/Version v37,beauty,https://images.unsplash.com/photo-1570341802?auto=format&fit=crop&w=500&q=80&sig=37,1831.74,2026-01-14 15:10:23,2026-02-25 20:00:20
38,Yoga Mat Model-38,High quality yoga mat model-38 built for durability.,Experience premium performance with the Yoga Mat Model-38.,Premium Quality/Durable Build/Version v38,fitness,https://images.unsplash.com/photo-1540060246?auto=format&fit=crop&w=500&q=80&sig=38,2201.0,2026-01-09 03:22:41,2026-02-14 08:18:10
39,Dumbbell Set Model-39,High quality dumbbell set model-39 built for durability.,Experience premium performance with the Dumbbell Set Model-39.,Premium Quality/Durable Build/Version v39,fitness,https://images.unsplash.com/photo-1559403877?auto=format&fit=crop&w=500&q=80&sig=39,789.95,2026-05-04 11:55:44,2026-06-11 05:17:46
40,Denim Jacket Model-40,High quality denim jacket model-40 built for durability.,Experience premium performance with the Denim Jacket Model-40.,Premium Quality/Durable Build/Version v40,clothing,https://images.unsplash.com/photo-1540360462?auto=format&fit=crop&w=500&q=80&sig=40,2891.32,2026-03-08 05:43:32,2026-04-05 21:46:35
41,Wool Sweater Model-41,High quality wool sweater model-41 built for durability.,Experience premium performance with the Wool Sweater Model-41.,Premium Quality/Durable Build/Version v41,clothing,https://images.unsplash.com/photo-1585485753?auto=format&fit=crop&w=500&q=80&sig=41,511.23,2026-05-13 22:07:41,2026-06-16 04:29:07
42,Makeup Kit Model-42,High quality makeup kit model-42 built for durability.,Experience premium performance with the Makeup Kit Model-42.,Premium Quality/Durable Build/Version v42,beauty,https://images.unsplash.com/photo-1577605749?auto=format&fit=crop&w=500&q=80&sig=42,2405.45,2026-05-09 20:09:47,2026-05-26 20:09:06
43,Makeup Kit Model-43,High quality makeup kit model-43 built for durability.,Experience premium performance with the Makeup Kit Model-43.,Premium Quality/Durable Build/Version v43,beauty,https://images.unsplash.com/photo-1595175676?auto=format&fit=crop&w=500&q=80&sig=43,2630.16,2026-03-21 15:43:38,2026-04-15 11:25:16
44,Sofa Model-44,High quality sofa model-44 built for durability.,Experience premium performance with the Sofa Model-44.,Premium Quality/Durable Build/Version v44,furniture,https://images.unsplash.com/photo-1533972185?auto=format&fit=crop&w=500&q=80&sig=44,520.93,2026-06-29 08:36:01,2026-07-09 02:55:38
45,Bed Frame Model-45,High quality bed frame model-45 built for durability.,Experience premium performance with the Bed Frame Model-45.,Premium Quality/Durable Build/Version v45,furniture,https://images.unsplash.com/photo-1593166433?auto=format&fit=crop&w=500&q=80&sig=45,1509.01,2026-06-08 17:09:05,2026-06-13 15:29:48
46,Face Serum Model-46,High quality face serum model-46 built for durability.,Experience premium performance with the Face Serum Model-46.,Premium Quality/Durable Build/Version v46,beauty,https://images.unsplash.com/photo-1532277082?auto=format&fit=crop&w=500&q=80&sig=46,93.85,2026-03-07 08:21:11,2026-04-27 08:32:46
47,Makeup Kit Model-47,High quality makeup kit model-47 built for durability.,Experience premium performance with the Makeup Kit Model-47.,Premium Quality/Durable Build/Version v47,beauty,https://images.unsplash.com/photo-1567521181?auto=format&fit=crop&w=500&q=80&sig=47,1929.24,2026-01-01 22:43:32,2026-02-19 08:52:55
48,Water Bottle Model-48,High quality water bottle model-48 built for durability.,Experience premium performance with the Water Bottle Model-48.,Premium Quality/Durable Build/Version v48,others,https://images.unsplash.com/photo-1525640288?auto=format&fit=crop&w=500&q=80&sig=48,1643.96,2026-06-29 02:18:45,2026-07-15 14:37:07
49,Backpack Model-49,High quality backpack model-49 built for durability.,Experience premium performance with the Backpack Model-49.,Premium Quality/Durable Build/Version v49,others,https://images.unsplash.com/photo-1575508993?auto=format&fit=crop&w=500&q=80&sig=49,2337.02,2026-06-24 07:03:05,2026-07-21 22:50:48
50,Denim Jacket Model-50,High quality denim jacket model-50 built for durability.,Experience premium performance with the Denim Jacket Model-50.,Premium Quality/Durable Build/Version v50,clothing,https://images.unsplash.com/photo-1579745044?auto=format&fit=crop&w=500&q=80&sig=50,1508.81,2026-06-11 20:28:45,2026-08-10 16:41:17
51,Backpack Model-51,High quality backpack model-51 built for durability.,Experience premium performance with the Backpack Model-51.,Premium Quality/Durable Build/Version v51,others,https://images.unsplash.com/photo-1579777562?auto=format&fit=crop&w=500&q=80&sig=51,1068.1,2026-01-11 01:23:48,2026-02-11 22:02:22
52,Action Figure Model-52,High quality action figure model-52 built for durability.,Experience premium performance with the Action Figure Model-52.,Premium Quality/Durable Build/Version v52,toys,https://images.unsplash.com/photo-1534957333?auto=format&fit=crop&w=500&q=80&sig=52,418.64,2026-05-10 11:25:37,2026-05-11 01:55:10
53,Hair Dryer Model-53,High quality hair dryer model-53 built for durability.,Experience premium performance with the Hair Dryer Model-53.,Premium Quality/Durable Build/Version v53,beauty,https://images.unsplash.com/photo-1582841262?auto=format&fit=crop&w=500&q=80&sig=53,162.7,2026-06-22 21:42:36,2026-07-27 13:04:27
54,Yoga Mat Model-54,High quality yoga mat model-54 built for durability.,Experience premium performance with the Yoga Mat Model-54.,Premium Quality/Durable Build/Version v54,fitness,https://images.unsplash.com/photo-1524314241?auto=format&fit=crop&w=500&q=80&sig=54,1591.2,2026-03-10 17:47:39,2026-05-02 15:47:53
55,Desk Lamp Model-55,High quality desk lamp model-55 built for durability.,Experience premium performance with the Desk Lamp Model-55.,Premium Quality/Durable Build/Version v55,others,https://images.unsplash.com/photo-1575976430?auto=format&fit=crop&w=500&q=80&sig=55,2757.45,2026-05-16 19:14:40,2026-05-30 15:25:53
56,Laptop Stand Model-56,High quality laptop stand model-56 built for durability.,Experience premium performance with the Laptop Stand Model-56.,Premium Quality/Durable Build/Version v56,computers,https://images.unsplash.com/photo-1552313319?auto=format&fit=crop&w=500&q=80&sig=56,2300.34,2026-04-07 15:28:22,2026-06-03 11:40:59
57,Backpack Model-57,High quality backpack model-57 built for durability.,Experience premium performance with the Backpack Model-57.,Premium Quality/Durable Build/Version v57,others,https://images.unsplash.com/photo-1526195417?auto=format&fit=crop&w=500&q=80&sig=57,1185.42,2026-03-25 09:28:39,2026-05-10 04:24:57
58,Water Bottle Model-58,High quality water bottle model-58 built for durability.,Experience premium performance with the Water Bottle Model-58.,Premium Quality/Durable Build/Version v58,others,https://images.unsplash.com/photo-1597683710?auto=format&fit=crop&w=500&q=80&sig=58,2951.33,2026-05-10 15:53:52,2026-05-14 04:25:58
59,RC Car Model-59,High quality rc car model-59 built for durability.,Experience premium performance with the RC Car Model-59.,Premium Quality/Durable Build/Version v59,toys,https://images.unsplash.com/photo-1578362226?auto=format&fit=crop&w=500&q=80&sig=59,560.15,2026-04-15 11:06:05,2026-06-13 17:26:01
60,Water Bottle Model-60,High quality water bottle model-60 built for durability.,Experience premium performance with the Water Bottle Model-60.,Premium Quality/Durable Build/Version v60,others,https://images.unsplash.com/photo-1523161968?auto=format&fit=crop&w=500&q=80&sig=60,2992.9,2026-05-04 10:20:55,2026-06-11 02:03:15
61,Yoga Mat Model-61,High quality yoga mat model-61 built for durability.,Experience premium performance with the Yoga Mat Model-61.,Premium Quality/Durable Build/Version v61,fitness,https://images.unsplash.com/photo-1545133970?auto=format&fit=crop&w=500&q=80&sig=61,698.1,2026-02-10 06:27:59,2026-02-23 05:15:47
62,Smartwatch Model-62,High quality smartwatch model-62 built for durability.,Experience premium performance with the Smartwatch Model-62.,Premium Quality/Durable Build/Version v62,electronics,https://images.unsplash.com/photo-1576434071?auto=format&fit=crop&w=500&q=80&sig=62,512.96,2026-02-21 21:53:17,2026-04-09 20:56:45
63,Juicer Model-63,High quality juicer model-63 built for durability.,Experience premium performance with the Juicer Model-63.,Premium Quality/Durable Build/Version v63,kitchen,https://images.unsplash.com/photo-1527981861?auto=format&fit=crop&w=500&q=80&sig=63,2576.4,2026-04-26 04:47:40,2026-06-14 11:33:15
64,Coffee Maker Model-64,High quality coffee maker model-64 built for durability.,Experience premium performance with the Coffee Maker Model-64.,Premium Quality/Durable Build/Version v64,kitchen,https://images.unsplash.com/photo-1552571344?auto=format&fit=crop&w=500&q=80&sig=64,1411.86,2026-04-11 07:10:47,2026-05-18 05:18:11
65,Makeup Kit Model-65,High quality makeup kit model-65 built for durability.,Experience premium performance with the Makeup Kit Model-65.,Premium Quality/Durable Build/Version v65,beauty,https://images.unsplash.com/photo-1519227910?auto=format&fit=crop&w=500&q=80&sig=65,2676.64,2026-03-10 23:24:56,2026-05-07 19:47:55
66,Laptop Stand Model-66,High quality laptop stand model-66 built for durability.,Experience premium performance with the Laptop Stand Model-66.,Premium Quality/Durable Build/Version v66,computers,https://images.unsplash.com/photo-1512025171?auto=format&fit=crop&w=500&q=80&sig=66,2246.63,2026-05-31 07:18:25,2026-07-23 02:40:41
67,Bookshelf Model-67,High quality bookshelf model-67 built for durability.,Experience premium performance with the Bookshelf Model-67.,Premium Quality/Durable Build/Version v67,furniture,https://images.unsplash.com/photo-1531628252?auto=format&fit=crop&w=500&q=80&sig=67,478.61,2026-03-03 11:01:01,2026-03-22 03:45:07
68,Dumbbell Set Model-68,High quality dumbbell set model-68 built for durability.,Experience premium performance with the Dumbbell Set Model-68.,Premium Quality/Durable Build/Version v68,fitness,https://images.unsplash.com/photo-1574022876?auto=format&fit=crop&w=500&q=80&sig=68,374.54,2026-03-27 12:19:35,2026-04-04 11:05:52
69,Headphones Model-69,High quality headphones model-69 built for durability.,Experience premium performance with the Headphones Model-69.,Premium Quality/Durable Build/Version v69,electronics,https://images.unsplash.com/photo-1555697487?auto=format&fit=crop&w=500&q=80&sig=69,1345.82,2026-02-26 21:20:49,2026-04-16 08:00:41
70,Backpack Model-70,High quality backpack model-70 built for durability.,Experience premium performance with the Backpack Model-70.,Premium Quality/Durable Build/Version v70,others,https://images.unsplash.com/photo-1537792598?auto=format&fit=crop&w=500&q=80&sig=70,1689.01,2026-04-12 22:10:07,2026-06-08 20:22:42
71,Monitor Model-71,High quality monitor model-71 built for durability.,Experience premium performance with the Monitor Model-71.,Premium Quality/Durable Build/Version v71,computers,https://images.unsplash.com/photo-1532219097?auto=format&fit=crop&w=500&q=80&sig=71,1275.4,2026-04-12 05:24:10,2026-04-29 21:13:43
72,Laptop Stand Model-72,High quality laptop stand model-72 built for durability.,Experience premium performance with the Laptop Stand Model-72.,Premium Quality/Durable Build/Version v72,computers,https://images.unsplash.com/photo-1582337808?auto=format&fit=crop&w=500&q=80&sig=72,643.84,2026-02-28 22:56:58,2026-04-02 23:40:53
73,Bed Frame Model-73,High quality bed frame model-73 built for durability.,Experience premium performance with the Bed Frame Model-73.,Premium Quality/Durable Build/Version v73,furniture,https://images.unsplash.com/photo-1569931903?auto=format&fit=crop&w=500&q=80&sig=73,660.41,2026-05-20 06:12:47,2026-06-19 21:10:24
74,Denim Jacket Model-74,High quality denim jacket model-74 built for durability.,Experience premium performance with the Denim Jacket Model-74.,Premium Quality/Durable Build/Version v74,clothing,https://images.unsplash.com/photo-1587701171?auto=format&fit=crop&w=500&q=80&sig=74,1534.62,2026-01-29 19:38:36,2026-02-19 11:32:25
75,Bluetooth Speaker Model-75,High quality bluetooth speaker model-75 built for durability.,Experience premium performance with the Bluetooth Speaker Model-75.,Premium Quality/Durable Build/Version v75,electronics,https://images.unsplash.com/photo-1596795373?auto=format&fit=crop&w=500&q=80&sig=75,52.75,2026-05-19 14:44:19,2026-06-20 21:45:21
76,Hair Dryer Model-76,High quality hair dryer model-76 built for durability.,Experience premium performance with the Hair Dryer Model-76.,Premium Quality/Durable Build/Version v76,beauty,https://images.unsplash.com/photo-1566944510?auto=format&fit=crop&w=500&q=80&sig=76,1322.45,2026-01-12 21:01:55,2026-02-13 09:17:51
77,Webcam Model-77,High quality webcam model-77 built for durability.,Experience premium performance with the Webcam Model-77.,Premium Quality/Durable Build/Version v77,computers,https://images.unsplash.com/photo-1513964201?auto=format&fit=crop&w=500&q=80&sig=77,109.33,2026-02-15 02:50:43,2026-04-15 05:43:21
78,Headphones Model-78,High quality headphones model-78 built for durability.,Experience premium performance with the Headphones Model-78.,Premium Quality/Durable Build/Version v78,electronics,https://images.unsplash.com/photo-1594418668?auto=format&fit=crop&w=500&q=80&sig=78,2620.66,2026-03-15 02:09:36,2026-04-04 10:46:25
79,Denim Jacket Model-79,High quality denim jacket model-79 built for durability.,Experience premium performance with the Denim Jacket Model-79.,Premium Quality/Durable Build/Version v79,clothing,https://images.unsplash.com/photo-1521758822?auto=format&fit=crop&w=500&q=80&sig=79,1864.12,2026-03-18 05:38:14,2026-03-27 04:08:07
80,Denim Jacket Model-80,High quality denim jacket model-80 built for durability.,Experience premium performance with the Denim Jacket Model-80.,Premium Quality/Durable Build/Version v80,clothing,https://images.unsplash.com/photo-1573814713?auto=format&fit=crop&w=500&q=80&sig=80,488.95,2026-04-24 17:14:44,2026-05-22 01:05:00
81,Cookbook Model-81,High quality cookbook model-81 built for durability.,Experience premium performance with the Cookbook Model-81.,Premium Quality/Durable Build/Version v81,books,https://images.unsplash.com/photo-1532255316?auto=format&fit=crop&w=500&q=80&sig=81,2308.0,2026-06-18 22:20:27,2026-06-27 10:17:13
82,Treadmill Model-82,High quality treadmill model-82 built for durability.,Experience premium performance with the Treadmill Model-82.,Premium Quality/Durable Build/Version v82,fitness,https://images.unsplash.com/photo-1579009709?auto=format&fit=crop&w=500&q=80&sig=82,1482.91,2026-05-17 19:15:39,2026-05-27 04:33:55
83,Laptop Stand Model-83,High quality laptop stand model-83 built for durability.,Experience premium performance with the Laptop Stand Model-83.,Premium Quality/Durable Build/Version v83,computers,https://images.unsplash.com/photo-1582392553?auto=format&fit=crop&w=500&q=80&sig=83,1537.0,2026-04-08 23:32:15,2026-05-17 01:59:26
84,Webcam Model-84,High quality webcam model-84 built for durability.,Experience premium performance with the Webcam Model-84.,Premium Quality/Durable Build/Version v84,computers,https://images.unsplash.com/photo-1581379779?auto=format&fit=crop&w=500&q=80&sig=84,775.81,2026-01-16 03:06:53,2026-03-07 19:24:25
85,Mouse Model-85,High quality mouse model-85 built for durability.,Experience premium performance with the Mouse Model-85.,Premium Quality/Durable Build/Version v85,computers,https://images.unsplash.com/photo-1534414338?auto=format&fit=crop&w=500&q=80&sig=85,1187.32,2026-06-28 14:21:12,2026-07-05 12:58:00
86,Biography Model-86,High quality biography model-86 built for durability.,Experience premium performance with the Biography Model-86.,Premium Quality/Durable Build/Version v86,books,https://images.unsplash.com/photo-1567752267?auto=format&fit=crop&w=500&q=80&sig=86,2635.67,2026-02-27 07:52:01,2026-03-22 16:55:07
87,Face Serum Model-87,High quality face serum model-87 built for durability.,Experience premium performance with the Face Serum Model-87.,Premium Quality/Durable Build/Version v87,beauty,https://images.unsplash.com/photo-1527237520?auto=format&fit=crop&w=500&q=80&sig=87,450.12,2026-04-22 14:45:21,2026-05-03 14:37:24
88,Mouse Model-88,High quality mouse model-88 built for durability.,Experience premium performance with the Mouse Model-88.,Premium Quality/Durable Build/Version v88,computers,https://images.unsplash.com/photo-1589841270?auto=format&fit=crop&w=500&q=80&sig=88,1874.87,2026-05-26 10:09:03,2026-06-23 10:38:51
89,Webcam Model-89,High quality webcam model-89 built for durability.,Experience premium performance with the Webcam Model-89.,Premium Quality/Durable Build/Version v89,computers,https://images.unsplash.com/photo-1523757966?auto=format&fit=crop&w=500&q=80&sig=89,658.52,2026-05-06 21:50:32,2026-06-11 08:27:09
90,Denim Jacket Model-90,High quality denim jacket model-90 built for durability.,Experience premium performance with the Denim Jacket Model-90.,Premium Quality/Durable Build/Version v90,clothing,https://images.unsplash.com/photo-1585726850?auto=format&fit=crop&w=500&q=80&sig=90,1339.96,2026-01-21 04:56:35,2026-03-16 18:43:56
91,Cookbook Model-91,High quality cookbook model-91 built for durability.,Experience premium performance with the Cookbook Model-91.,Premium Quality/Durable Build/Version v91,books,https://images.unsplash.com/photo-1523492603?auto=format&fit=crop&w=500&q=80&sig=91,1603.72,2026-02-16 18:00:24,2026-04-11 09:45:29
92,Bluetooth Speaker Model-92,High quality bluetooth speaker model-92 built for durability.,Experience premium performance with the Bluetooth Speaker Model-92.,Premium Quality/Durable Build/Version v92,electronics,https://images.unsplash.com/photo-1535972450?auto=format&fit=crop&w=500&q=80&sig=92,374.14,2026-06-28 18:58:18,2026-08-22 05:03:16
93,Mouse Model-93,High quality mouse model-93 built for durability.,Experience premium performance with the Mouse Model-93.,Premium Quality/Durable Build/Version v93,computers,https://images.unsplash.com/photo-1574783690?auto=format&fit=crop&w=500&q=80&sig=93,244.74,2026-05-19 05:23:12,2026-06-13 13:41:34
94,Electric Razor Model-94,High quality electric razor model-94 built for durability.,Experience premium performance with the Electric Razor Model-94.,Premium Quality/Durable Build/Version v94,beauty,https://images.unsplash.com/photo-1596262377?auto=format&fit=crop&w=500&q=80&sig=94,1457.33,2026-04-24 21:12:53,2026-06-11 04:03:10
95,Wool Sweater Model-95,High quality wool sweater model-95 built for durability.,Experience premium performance with the Wool Sweater Model-95.,Premium Quality/Durable Build/Version v95,clothing,https://images.unsplash.com/photo-1573731004?auto=format&fit=crop&w=500&q=80&sig=95,1233.93,2026-03-22 06:50:54,2026-04-08 17:23:10
96,Biography Model-96,High quality biography model-96 built for durability.,Experience premium performance with the Biography Model-96.,Premium Quality/Durable Build/Version v96,books,https://images.unsplash.com/photo-1540860399?auto=format&fit=crop&w=500&q=80&sig=96,2763.77,2026-06-19 04:52:33,2026-06-21 00:05:53
97,Office Chair Model-97,High quality office chair model-97 built for durability.,Experience premium performance with the Office Chair Model-97.,Premium Quality/Durable Build/Version v97,furniture,https://images.unsplash.com/photo-1538001844?auto=format&fit=crop&w=500&q=80&sig=97,2097.0,2026-05-11 20:12:59,2026-07-06 15:15:01
98,Desk Lamp Model-98,High quality desk lamp model-98 built for durability.,Experience premium performance with the Desk Lamp Model-98.,Premium Quality/Durable Build/Version v98,others,https://images.unsplash.com/photo-1566749148?auto=format&fit=crop&w=500&q=80&sig=98,2691.46,2026-05-12 10:48:53,2026-07-05 19:59:49
99,Mouse Model-99,High quality mouse model-99 built for durability.,Experience premium performance with the Mouse Model-99.,Premium Quality/Durable Build/Version v99,computers,https://images.unsplash.com/photo-1550449797?auto=format&fit=crop&w=500&q=80&sig=99,2785.62,2026-06-14 22:22:57,2026-06-25 19:04:11
100,RC Car Model-100,High quality rc car model-100 built for durability.,Experience premium performance with the RC Car Model-100.,Premium Quality/Durable Build/Version v100,toys,https://images.unsplash.com/photo-1528633493?auto=format&fit=crop&w=500&q=80&sig=100,67.0,2026-06-23 11:57:06,2026-07-04 19:43:52
101,Puzzle Set Model-101,High quality puzzle set model-101 built for durability.,Experience premium performance with the Puzzle Set Model-101.,Premium Quality/Durable Build/Version v101,toys,https://images.unsplash.com/photo-1566537202?auto=format&fit=crop&w=500&q=80&sig=101,2640.77,2026-06-04 17:03:26,2026-07-29 03:11:50
102,Building Blocks Model-102,High quality building blocks model-102 built for durability.,Experience premium performance with the Building Blocks Model-102.,Premium Quality/Durable Build/Version v102,toys,https://images.unsplash.com/photo-1549097237?auto=format&fit=crop&w=500&q=80&sig=102,2875.83,2026-04-30 18:14:15,2026-05-27 01:22:40
103,Wool Sweater Model-103,High quality wool sweater model-103 built for durability.,Experience premium performance with the Wool Sweater Model-103.,Premium Quality/Durable Build/Version v103,clothing,https://images.unsplash.com/photo-1597755301?auto=format&fit=crop&w=500&q=80&sig=103,1363.39,2026-02-11 03:58:18,2026-03-30 13:17:31
104,Headphones Model-104,High quality headphones model-104 built for durability.,Experience premium performance with the Headphones Model-104.,Premium Quality/Durable Build/Version v104,electronics,https://images.unsplash.com/photo-1512644059?auto=format&fit=crop&w=500&q=80&sig=104,1911.59,2026-02-18 06:05:25,2026-04-13 10:23:49
105,Resistance Bands Model-105,High quality resistance bands model-105 built for durability.,Experience premium performance with the Resistance Bands Model-105.,Premium Quality/Durable Build/Version v105,fitness,https://images.unsplash.com/photo-1576883198?auto=format&fit=crop&w=500&q=80&sig=105,1044.46,2026-01-28 17:32:20,2026-03-02 11:07:29
106,Dumbbell Set Model-106,High quality dumbbell set model-106 built for durability.,Experience premium performance with the Dumbbell Set Model-106.,Premium Quality/Durable Build/Version v106,fitness,https://images.unsplash.com/photo-1581830870?auto=format&fit=crop&w=500&q=80&sig=106,304.98,2026-05-25 01:10:25,2026-05-30 18:02:12
107,Makeup Kit Model-107,High quality makeup kit model-107 built for durability.,Experience premium performance with the Makeup Kit Model-107.,Premium Quality/Durable Build/Version v107,beauty,https://images.unsplash.com/photo-1582272617?auto=format&fit=crop&w=500&q=80&sig=107,795.18,2026-03-02 05:15:19,2026-04-07 05:16:37
108,Building Blocks Model-108,High quality building blocks model-108 built for durability.,Experience premium performance with the Building Blocks Model-108.,Premium Quality/Durable Build/Version v108,toys,https://images.unsplash.com/photo-1573008949?auto=format&fit=crop&w=500&q=80&sig=108,250.82,2026-02-10 16:37:17,2026-02-18 16:17:23
109,Resistance Bands Model-109,High quality resistance bands model-109 built for durability.,Experience premium performance with the Resistance Bands Model-109.,Premium Quality/Durable Build/Version v109,fitness,https://images.unsplash.com/photo-1597995646?auto=format&fit=crop&w=500&q=80&sig=109,1465.49,2026-05-11 15:56:10,2026-06-21 22:34:59
110,RC Car Model-110,High quality rc car model-110 built for durability.,Experience premium performance with the RC Car Model-110.,Premium Quality/Durable Build/Version v110,toys,https://images.unsplash.com/photo-1537839395?auto=format&fit=crop&w=500&q=80&sig=110,1964.22,2026-04-12 16:49:29,2026-05-17 06:20:52
111,Backpack Model-111,High quality backpack model-111 built for durability.,Experience premium performance with the Backpack Model-111.,Premium Quality/Durable Build/Version v111,others,https://images.unsplash.com/photo-1544298740?auto=format&fit=crop&w=500&q=80&sig=111,25.62,2026-02-14 06:26:07,2026-03-12 12:07:06
112,Running Shoes Model-112,High quality running shoes model-112 built for durability.,Experience premium performance with the Running Shoes Model-112.,Premium Quality/Durable Build/Version v112,clothing,https://images.unsplash.com/photo-1594085417?auto=format&fit=crop&w=500&q=80&sig=112,694.29,2026-03-09 03:32:14,2026-04-06 05:02:49
113,Power Bank Model-113,High quality power bank model-113 built for durability.,Experience premium performance with the Power Bank Model-113.,Premium Quality/Durable Build/Version v113,electronics,https://images.unsplash.com/photo-1516218978?auto=format&fit=crop&w=500&q=80&sig=113,230.56,2026-03-28 14:00:12,2026-05-25 07:33:20
114,Mouse Model-114,High quality mouse model-114 built for durability.,Experience premium performance with the Mouse Model-114.,Premium Quality/Durable Build/Version v114,computers,https://images.unsplash.com/photo-1584395066?auto=format&fit=crop&w=500&q=80&sig=114,2897.56,2026-05-24 20:08:54,2026-06-17 05:16:58
115,Hair Dryer Model-115,High quality hair dryer model-115 built for durability.,Experience premium performance with the Hair Dryer Model-115.,Premium Quality/Durable Build/Version v115,beauty,https://images.unsplash.com/photo-1577220945?auto=format&fit=crop&w=500&q=80&sig=115,2411.29,2026-01-02 04:49:42,2026-02-22 03:21:18
116,Monitor Model-116,High quality monitor model-116 built for durability.,Experience premium performance with the Monitor Model-116.,Premium Quality/Durable Build/Version v116,computers,https://images.unsplash.com/photo-1562995695?auto=format&fit=crop&w=500&q=80&sig=116,102.65,2026-05-17 16:59:45,2026-07-05 06:54:41
117,Novel Model-117,High quality novel model-117 built for durability.,Experience premium performance with the Novel Model-117.,Premium Quality/Durable Build/Version v117,books,https://images.unsplash.com/photo-1520898669?auto=format&fit=crop&w=500&q=80&sig=117,2443.81,2026-01-15 04:28:02,2026-03-15 22:49:53
118,Webcam Model-118,High quality webcam model-118 built for durability.,Experience premium performance with the Webcam Model-118.,Premium Quality/Durable Build/Version v118,computers,https://images.unsplash.com/photo-1565005205?auto=format&fit=crop&w=500&q=80&sig=118,2483.5,2026-06-05 12:01:24,2026-07-29 04:21:43
119,Hair Dryer Model-119,High quality hair dryer model-119 built for durability.,Experience premium performance with the Hair Dryer Model-119.,Premium Quality/Durable Build/Version v119,beauty,https://images.unsplash.com/photo-1549473585?auto=format&fit=crop&w=500&q=80&sig=119,2417.66,2026-01-22 05:19:30,2026-02-28 11:58:06
120,Webcam Model-120,High quality webcam model-120 built for durability.,Experience premium performance with the Webcam Model-120.,Premium Quality/Durable Build/Version v120,computers,https://images.unsplash.com/photo-1517889349?auto=format&fit=crop&w=500&q=80&sig=120,2636.46,2026-02-14 10:48:44,2026-04-14 22:28:09
121,Wool Sweater Model-121,High quality wool sweater model-121 built for durability.,Experience premium performance with the Wool Sweater Model-121.,Premium Quality/Durable Build/Version v121,clothing,https://images.unsplash.com/photo-1576453634?auto=format&fit=crop&w=500&q=80&sig=121,1410.58,2026-03-08 10:48:19,2026-04-19 11:24:53
122,RC Car Model-122,High quality rc car model-122 built for durability.,Experience premium performance with the RC Car Model-122.,Premium Quality/Durable Build/Version v122,toys,https://images.unsplash.com/photo-1583116801?auto=format&fit=crop&w=500&q=80&sig=122,725.84,2026-06-29 13:26:36,2026-07-06 22:30:27
123,Puzzle Set Model-123,High quality puzzle set model-123 built for durability.,Experience premium performance with the Puzzle Set Model-123.,Premium Quality/Durable Build/Version v123,toys,https://images.unsplash.com/photo-1560251896?auto=format&fit=crop&w=500&q=80&sig=123,2612.63,2026-03-13 16:04:06,2026-03-19 10:48:15
124,Cookbook Model-124,High quality cookbook model-124 built for durability.,Experience premium performance with the Cookbook Model-124.,Premium Quality/Durable Build/Version v124,books,https://images.unsplash.com/photo-1524661423?auto=format&fit=crop&w=500&q=80&sig=124,2505.58,2026-05-25 23:12:05,2026-07-05 12:59:43
125,Cookbook Model-125,High quality cookbook model-125 built for durability.,Experience premium performance with the Cookbook Model-125.,Premium Quality/Durable Build/Version v125,books,https://images.unsplash.com/photo-1543043083?auto=format&fit=crop&w=500&q=80&sig=125,831.37,2026-02-16 03:46:59,2026-03-19 22:30:17
126,Sci-Fi Anthology Model-126,High quality sci-fi anthology model-126 built for durability.,Experience premium performance with the Sci-Fi Anthology Model-126.,Premium Quality/Durable Build/Version v126,books,https://images.unsplash.com/photo-1558660448?auto=format&fit=crop&w=500&q=80&sig=126,1746.34,2026-03-11 14:33:28,2026-05-02 21:17:29
127,Puzzle Set Model-127,High quality puzzle set model-127 built for durability.,Experience premium performance with the Puzzle Set Model-127.,Premium Quality/Durable Build/Version v127,toys,https://images.unsplash.com/photo-1556291740?auto=format&fit=crop&w=500&q=80&sig=127,1675.24,2026-04-04 02:05:56,2026-05-06 08:52:07
128,Webcam Model-128,High quality webcam model-128 built for durability.,Experience premium performance with the Webcam Model-128.,Premium Quality/Durable Build/Version v128,computers,https://images.unsplash.com/photo-1563239901?auto=format&fit=crop&w=500&q=80&sig=128,1467.7,2026-01-23 23:30:26,2026-02-07 09:51:09
129,Makeup Kit Model-129,High quality makeup kit model-129 built for durability.,Experience premium performance with the Makeup Kit Model-129.,Premium Quality/Durable Build/Version v129,beauty,https://images.unsplash.com/photo-1532070299?auto=format&fit=crop&w=500&q=80&sig=129,1829.74,2026-01-06 09:54:00,2026-02-26 20:10:49
130,Action Figure Model-130,High quality action figure model-130 built for durability.,Experience premium performance with the Action Figure Model-130.,Premium Quality/Durable Build/Version v130,toys,https://images.unsplash.com/photo-1581664625?auto=format&fit=crop&w=500&q=80&sig=130,261.06,2026-03-04 21:31:05,2026-04-02 16:46:09
131,Backpack Model-131,High quality backpack model-131 built for durability.,Experience premium performance with the Backpack Model-131.,Premium Quality/Durable Build/Version v131,others,https://images.unsplash.com/photo-1516672479?auto=format&fit=crop&w=500&q=80&sig=131,1369.37,2026-05-22 12:29:58,2026-07-18 18:22:41
132,Monitor Model-132,High quality monitor model-132 built for durability.,Experience premium performance with the Monitor Model-132.,Premium Quality/Durable Build/Version v132,computers,https://images.unsplash.com/photo-1598778875?auto=format&fit=crop&w=500&q=80&sig=132,846.81,2026-01-20 02:42:29,2026-01-20 13:01:47
133,Bed Frame Model-133,High quality bed frame model-133 built for durability.,Experience premium performance with the Bed Frame Model-133.,Premium Quality/Durable Build/Version v133,furniture,https://images.unsplash.com/photo-1547123855?auto=format&fit=crop&w=500&q=80&sig=133,17.08,2026-05-28 07:23:47,2026-05-29 09:42:53
134,Bed Frame Model-134,High quality bed frame model-134 built for durability.,Experience premium performance with the Bed Frame Model-134.,Premium Quality/Durable Build/Version v134,furniture,https://images.unsplash.com/photo-1584614744?auto=format&fit=crop&w=500&q=80&sig=134,1562.32,2026-04-21 18:24:28,2026-04-29 20:14:59
135,Dumbbell Set Model-135,High quality dumbbell set model-135 built for durability.,Experience premium performance with the Dumbbell Set Model-135.,Premium Quality/Durable Build/Version v135,fitness,https://images.unsplash.com/photo-1515248313?auto=format&fit=crop&w=500&q=80&sig=135,1100.45,2026-02-19 08:20:39,2026-04-17 18:31:03
136,Electric Razor Model-136,High quality electric razor model-136 built for durability.,Experience premium performance with the Electric Razor Model-136.,Premium Quality/Durable Build/Version v136,beauty,https://images.unsplash.com/photo-1570234966?auto=format&fit=crop&w=500&q=80&sig=136,1299.39,2026-01-21 07:49:29,2026-01-28 20:38:14
137,Puzzle Set Model-137,High quality puzzle set model-137 built for durability.,Experience premium performance with the Puzzle Set Model-137.,Premium Quality/Durable Build/Version v137,toys,https://images.unsplash.com/photo-1598169108?auto=format&fit=crop&w=500&q=80&sig=137,342.93,2026-04-10 02:49:26,2026-05-22 21:04:34
138,Running Shoes Model-138,High quality running shoes model-138 built for durability.,Experience premium performance with the Running Shoes Model-138.,Premium Quality/Durable Build/Version v138,clothing,https://images.unsplash.com/photo-1596446164?auto=format&fit=crop&w=500&q=80&sig=138,1521.8,2026-03-19 11:48:52,2026-04-30 22:42:17
139,Bluetooth Speaker Model-139,High quality bluetooth speaker model-139 built for durability.,Experience premium performance with the Bluetooth Speaker Model-139.,Premium Quality/Durable Build/Version v139,electronics,https://images.unsplash.com/photo-1550287250?auto=format&fit=crop&w=500&q=80&sig=139,817.67,2026-01-20 13:37:11,2026-03-14 08:38:21
140,Mouse Model-140,High quality mouse model-140 built for durability.,Experience premium performance with the Mouse Model-140.,Premium Quality/Durable Build/Version v140,computers,https://images.unsplash.com/photo-1543660740?auto=format&fit=crop&w=500&q=80&sig=140,11.73,2026-05-01 03:53:29,2026-06-07 11:55:48
141,Denim Jacket Model-141,High quality denim jacket model-141 built for durability.,Experience premium performance with the Denim Jacket Model-141.,Premium Quality/Durable Build/Version v141,clothing,https://images.unsplash.com/photo-1589413134?auto=format&fit=crop&w=500&q=80&sig=141,2342.22,2026-05-31 16:19:39,2026-06-01 22:29:08
142,Webcam Model-142,High quality webcam model-142 built for durability.,Experience premium performance with the Webcam Model-142.,Premium Quality/Durable Build/Version v142,computers,https://images.unsplash.com/photo-1567390560?auto=format&fit=crop&w=500&q=80&sig=142,1887.23,2026-03-23 13:15:54,2026-03-25 20:59:20
143,Standing Desk Model-143,High quality standing desk model-143 built for durability.,Experience premium performance with the Standing Desk Model-143.,Premium Quality/Durable Build/Version v143,furniture,https://images.unsplash.com/photo-1595660897?auto=format&fit=crop&w=500&q=80&sig=143,1588.46,2026-03-23 06:13:11,2026-03-24 02:31:32
144,Treadmill Model-144,High quality treadmill model-144 built for durability.,Experience premium performance with the Treadmill Model-144.,Premium Quality/Durable Build/Version v144,fitness,https://images.unsplash.com/photo-1531086192?auto=format&fit=crop&w=500&q=80&sig=144,1869.94,2026-06-08 16:43:50,2026-07-14 10:31:50
145,RC Car Model-145,High quality rc car model-145 built for durability.,Experience premium performance with the RC Car Model-145.,Premium Quality/Durable Build/Version v145,toys,https://images.unsplash.com/photo-1550443339?auto=format&fit=crop&w=500&q=80&sig=145,977.75,2026-03-11 17:33:09,2026-04-06 13:04:44
146,Denim Jacket Model-146,High quality denim jacket model-146 built for durability.,Experience premium performance with the Denim Jacket Model-146.,Premium Quality/Durable Build/Version v146,clothing,https://images.unsplash.com/photo-1538154232?auto=format&fit=crop&w=500&q=80&sig=146,377.87,2026-02-13 09:05:16,2026-02-17 11:12:48
147,Juicer Model-147,High quality juicer model-147 built for durability.,Experience premium performance with the Juicer Model-147.,Premium Quality/Durable Build/Version v147,kitchen,https://images.unsplash.com/photo-1547832235?auto=format&fit=crop&w=500&q=80&sig=147,1077.2,2026-06-02 11:37:48,2026-06-03 17:39:16
148,Sofa Model-148,High quality sofa model-148 built for durability.,Experience premium performance with the Sofa Model-148.,Premium Quality/Durable Build/Version v148,furniture,https://images.unsplash.com/photo-1588554691?auto=format&fit=crop&w=500&q=80&sig=148,2368.74,2026-04-05 07:12:48,2026-04-17 10:22:52
149,Electric Razor Model-149,High quality electric razor model-149 built for durability.,Experience premium performance with the Electric Razor Model-149.,Premium Quality/Durable Build/Version v149,beauty,https://images.unsplash.com/photo-1590408262?auto=format&fit=crop&w=500&q=80&sig=149,1828.71,2026-06-18 19:06:27,2026-07-17 14:00:41
150,Cookbook Model-150,High quality cookbook model-150 built for durability.,Experience premium performance with the Cookbook Model-150.,Premium Quality/Durable Build/Version v150,books,https://images.unsplash.com/photo-1563579094?auto=format&fit=crop&w=500&q=80&sig=150,2375.81,2026-06-14 08:56:27,2026-08-07 10:54:11
151,T-Shirt Pack Model-151,High quality t-shirt pack model-151 built for durability.,Experience premium performance with the T-Shirt Pack Model-151.,Premium Quality/Durable Build/Version v151,clothing,https://images.unsplash.com/photo-1513121375?auto=format&fit=crop&w=500&q=80&sig=151,2707.81,2026-05-26 23:09:38,2026-07-15 14:20:23
152,Power Bank Model-152,High quality power bank model-152 built for durability.,Experience premium performance with the Power Bank Model-152.,Premium Quality/Durable Build/Version v152,electronics,https://images.unsplash.com/photo-1549755266?auto=format&fit=crop&w=500&q=80&sig=152,756.47,2026-03-05 13:49:23,2026-04-01 09:52:57
153,Electric Razor Model-153,High quality electric razor model-153 built for durability.,Experience premium performance with the Electric Razor Model-153.,Premium Quality/Durable Build/Version v153,beauty,https://images.unsplash.com/photo-1553848312?auto=format&fit=crop&w=500&q=80&sig=153,2744.13,2026-05-10 04:30:34,2026-05-27 09:28:45
154,Cookbook Model-154,High quality cookbook model-154 built for durability.,Experience premium performance with the Cookbook Model-154.,Premium Quality/Durable Build/Version v154,books,https://images.unsplash.com/photo-1574234617?auto=format&fit=crop&w=500&q=80&sig=154,1991.16,2026-03-27 02:06:17,2026-05-12 23:14:36
155,Laptop Stand Model-155,High quality laptop stand model-155 built for durability.,Experience premium performance with the Laptop Stand Model-155.,Premium Quality/Durable Build/Version v155,computers,https://images.unsplash.com/photo-1534175315?auto=format&fit=crop&w=500&q=80&sig=155,1686.72,2026-05-18 13:41:08,2026-07-13 19:13:02
156,RC Car Model-156,High quality rc car model-156 built for durability.,Experience premium performance with the RC Car Model-156.,Premium Quality/Durable Build/Version v156,toys,https://images.unsplash.com/photo-1562076657?auto=format&fit=crop&w=500&q=80&sig=156,1514.59,2026-06-17 21:53:21,2026-07-06 18:29:52
157,Bed Frame Model-157,High quality bed frame model-157 built for durability.,Experience premium performance with the Bed Frame Model-157.,Premium Quality/Durable Build/Version v157,furniture,https://images.unsplash.com/photo-1577748258?auto=format&fit=crop&w=500&q=80&sig=157,1411.46,2026-05-12 20:39:30,2026-06-11 17:31:50
158,Hair Dryer Model-158,High quality hair dryer model-158 built for durability.,Experience premium performance with the Hair Dryer Model-158.,Premium Quality/Durable Build/Version v158,beauty,https://images.unsplash.com/photo-1561266249?auto=format&fit=crop&w=500&q=80&sig=158,230.94,2026-03-31 21:02:05,2026-04-07 12:32:59
159,Denim Jacket Model-159,High quality denim jacket model-159 built for durability.,Experience premium performance with the Denim Jacket Model-159.,Premium Quality/Durable Build/Version v159,clothing,https://images.unsplash.com/photo-1585305047?auto=format&fit=crop&w=500&q=80&sig=159,173.36,2026-06-28 16:02:34,2026-07-06 10:48:44
160,Blender Model-160,High quality blender model-160 built for durability.,Experience premium performance with the Blender Model-160.,Premium Quality/Durable Build/Version v160,kitchen,https://images.unsplash.com/photo-1532731824?auto=format&fit=crop&w=500&q=80&sig=160,999.61,2026-06-05 13:31:16,2026-07-28 20:31:01
161,Webcam Model-161,High quality webcam model-161 built for durability.,Experience premium performance with the Webcam Model-161.,Premium Quality/Durable Build/Version v161,computers,https://images.unsplash.com/photo-1565800167?auto=format&fit=crop&w=500&q=80&sig=161,618.62,2026-02-14 01:33:50,2026-02-27 15:04:50
162,Webcam Model-162,High quality webcam model-162 built for durability.,Experience premium performance with the Webcam Model-162.,Premium Quality/Durable Build/Version v162,computers,https://images.unsplash.com/photo-1551006904?auto=format&fit=crop&w=500&q=80&sig=162,268.96,2026-06-19 06:47:19,2026-06-29 02:41:58
163,Standing Desk Model-163,High quality standing desk model-163 built for durability.,Experience premium performance with the Standing Desk Model-163.,Premium Quality/Durable Build/Version v163,furniture,https://images.unsplash.com/photo-1546624095?auto=format&fit=crop&w=500&q=80&sig=163,83.06,2026-03-28 08:13:40,2026-04-16 11:34:16
164,Air Fryer Model-164,High quality air fryer model-164 built for durability.,Experience premium performance with the Air Fryer Model-164.,Premium Quality/Durable Build/Version v164,kitchen,https://images.unsplash.com/photo-1548180970?auto=format&fit=crop&w=500&q=80&sig=164,2935.37,2026-02-16 02:21:43,2026-03-09 01:50:44
165,Denim Jacket Model-165,High quality denim jacket model-165 built for durability.,Experience premium performance with the Denim Jacket Model-165.,Premium Quality/Durable Build/Version v165,clothing,https://images.unsplash.com/photo-1559949997?auto=format&fit=crop&w=500&q=80&sig=165,644.15,2026-02-23 01:53:52,2026-03-07 07:20:54
166,Toaster Model-166,High quality toaster model-166 built for durability.,Experience premium performance with the Toaster Model-166.,Premium Quality/Durable Build/Version v166,kitchen,https://images.unsplash.com/photo-1556178535?auto=format&fit=crop&w=500&q=80&sig=166,2954.21,2026-05-22 10:49:55,2026-07-03 12:36:34
167,Yoga Mat Model-167,High quality yoga mat model-167 built for durability.,Experience premium performance with the Yoga Mat Model-167.,Premium Quality/Durable Build/Version v167,fitness,https://images.unsplash.com/photo-1561672842?auto=format&fit=crop&w=500&q=80&sig=167,1638.05,2026-03-11 08:10:55,2026-04-14 18:38:51
168,Smartwatch Model-168,High quality smartwatch model-168 built for durability.,Experience premium performance with the Smartwatch Model-168.,Premium Quality/Durable Build/Version v168,electronics,https://images.unsplash.com/photo-1596412446?auto=format&fit=crop&w=500&q=80&sig=168,583.57,2026-04-28 16:13:17,2026-06-03 04:25:07
169,Denim Jacket Model-169,High quality denim jacket model-169 built for durability.,Experience premium performance with the Denim Jacket Model-169.,Premium Quality/Durable Build/Version v169,clothing,https://images.unsplash.com/photo-1567162079?auto=format&fit=crop&w=500&q=80&sig=169,444.44,2026-03-22 01:29:48,2026-05-20 04:36:05
170,Keyboard Model-170,High quality keyboard model-170 built for durability.,Experience premium performance with the Keyboard Model-170.,Premium Quality/Durable Build/Version v170,computers,https://images.unsplash.com/photo-1559214488?auto=format&fit=crop&w=500&q=80&sig=170,610.4,2026-06-27 14:37:36,2026-08-22 06:55:56
171,Dumbbell Set Model-171,High quality dumbbell set model-171 built for durability.,Experience premium performance with the Dumbbell Set Model-171.,Premium Quality/Durable Build/Version v171,fitness,https://images.unsplash.com/photo-1592997371?auto=format&fit=crop&w=500&q=80&sig=171,1097.69,2026-01-25 13:40:22,2026-02-11 12:07:50
172,Face Serum Model-172,High quality face serum model-172 built for durability.,Experience premium performance with the Face Serum Model-172.,Premium Quality/Durable Build/Version v172,beauty,https://images.unsplash.com/photo-1531412630?auto=format&fit=crop&w=500&q=80&sig=172,622.91,2026-04-16 09:39:57,2026-06-14 15:54:41
173,Standing Desk Model-173,High quality standing desk model-173 built for durability.,Experience premium performance with the Standing Desk Model-173.,Premium Quality/Durable Build/Version v173,furniture,https://images.unsplash.com/photo-1532421092?auto=format&fit=crop&w=500&q=80&sig=173,2485.77,2026-03-06 00:39:46,2026-04-15 17:39:09
174,Electric Razor Model-174,High quality electric razor model-174 built for durability.,Experience premium performance with the Electric Razor Model-174.,Premium Quality/Durable Build/Version v174,beauty,https://images.unsplash.com/photo-1520477234?auto=format&fit=crop&w=500&q=80&sig=174,1107.42,2026-05-23 16:47:49,2026-06-01 11:56:43
175,Blender Model-175,High quality blender model-175 built for durability.,Experience premium performance with the Blender Model-175.,Premium Quality/Durable Build/Version v175,kitchen,https://images.unsplash.com/photo-1528141445?auto=format&fit=crop&w=500&q=80&sig=175,1585.56,2026-06-19 17:34:57,2026-07-08 21:09:38
176,RC Car Model-176,High quality rc car model-176 built for durability.,Experience premium performance with the RC Car Model-176.,Premium Quality/Durable Build/Version v176,toys,https://images.unsplash.com/photo-1517026030?auto=format&fit=crop&w=500&q=80&sig=176,1508.67,2026-03-04 05:23:37,2026-03-17 19:40:43
177,Standing Desk Model-177,High quality standing desk model-177 built for durability.,Experience premium performance with the Standing Desk Model-177.,Premium Quality/Durable Build/Version v177,furniture,https://images.unsplash.com/photo-1527120293?auto=format&fit=crop&w=500&q=80&sig=177,1982.01,2026-06-13 09:19:15,2026-07-31 08:11:28
178,Bluetooth Speaker Model-178,High quality bluetooth speaker model-178 built for durability.,Experience premium performance with the Bluetooth Speaker Model-178.,Premium Quality/Durable Build/Version v178,electronics,https://images.unsplash.com/photo-1569017546?auto=format&fit=crop&w=500&q=80&sig=178,2992.22,2026-04-20 03:36:40,2026-05-28 12:00:21
179,Sci-Fi Anthology Model-179,High quality sci-fi anthology model-179 built for durability.,Experience premium performance with the Sci-Fi Anthology Model-179.,Premium Quality/Durable Build/Version v179,books,https://images.unsplash.com/photo-1572752713?auto=format&fit=crop&w=500&q=80&sig=179,1336.24,2026-01-10 22:03:03,2026-02-26 15:52:41
180,Action Figure Model-180,High quality action figure model-180 built for durability.,Experience premium performance with the Action Figure Model-180.,Premium Quality/Durable Build/Version v180,toys,https://images.unsplash.com/photo-1568296546?auto=format&fit=crop&w=500&q=80&sig=180,974.71,2026-05-21 03:28:01,2026-05-29 22:45:37
181,Cookbook Model-181,High quality cookbook model-181 built for durability.,Experience premium performance with the Cookbook Model-181.,Premium Quality/Durable Build/Version v181,books,https://images.unsplash.com/photo-1591439995?auto=format&fit=crop&w=500&q=80&sig=181,2922.48,2026-04-10 06:10:41,2026-05-11 04:46:41
182,Sci-Fi Anthology Model-182,High quality sci-fi anthology model-182 built for durability.,Experience premium performance with the Sci-Fi Anthology Model-182.,Premium Quality/Durable Build/Version v182,books,https://images.unsplash.com/photo-1587177653?auto=format&fit=crop&w=500&q=80&sig=182,2992.88,2026-06-24 01:03:56,2026-07-26 13:51:40
183,Office Chair Model-183,High quality office chair model-183 built for durability.,Experience premium performance with the Office Chair Model-183.,Premium Quality/Durable Build/Version v183,furniture,https://images.unsplash.com/photo-1539411045?auto=format&fit=crop&w=500&q=80&sig=183,2344.98,2026-03-24 14:41:50,2026-05-04 11:12:00
184,Running Shoes Model-184,High quality running shoes model-184 built for durability.,Experience premium performance with the Running Shoes Model-184.,Premium Quality/Durable Build/Version v184,clothing,https://images.unsplash.com/photo-1527080285?auto=format&fit=crop&w=500&q=80&sig=184,2395.02,2026-02-15 07:57:09,2026-03-09 16:49:35
185,Monitor Model-185,High quality monitor model-185 built for durability.,Experience premium performance with the Monitor Model-185.,Premium Quality/Durable Build/Version v185,computers,https://images.unsplash.com/photo-1547860671?auto=format&fit=crop&w=500&q=80&sig=185,1227.89,2026-02-01 02:30:11,2026-02-04 21:09:47
186,Laptop Stand Model-186,High quality laptop stand model-186 built for durability.,Experience premium performance with the Laptop Stand Model-186.,Premium Quality/Durable Build/Version v186,computers,https://images.unsplash.com/photo-1593472766?auto=format&fit=crop&w=500&q=80&sig=186,1621.31,2026-01-15 04:49:31,2026-03-09 11:43:56
187,Coffee Maker Model-187,High quality coffee maker model-187 built for durability.,Experience premium performance with the Coffee Maker Model-187.,Premium Quality/Durable Build/Version v187,kitchen,https://images.unsplash.com/photo-1597136874?auto=format&fit=crop&w=500&q=80&sig=187,1061.9,2026-05-07 23:48:24,2026-06-02 13:44:00
188,Hair Dryer Model-188,High quality hair dryer model-188 built for durability.,Experience premium performance with the Hair Dryer Model-188.,Premium Quality/Durable Build/Version v188,beauty,https://images.unsplash.com/photo-1528430790?auto=format&fit=crop&w=500&q=80&sig=188,1860.36,2026-06-25 17:38:10,2026-08-19 19:41:33
189,T-Shirt Pack Model-189,High quality t-shirt pack model-189 built for durability.,Experience premium performance with the T-Shirt Pack Model-189.,Premium Quality/Durable Build/Version v189,clothing,https://images.unsplash.com/photo-1523075262?auto=format&fit=crop&w=500&q=80&sig=189,2478.95,2026-04-27 10:41:59,2026-05-22 07:14:21
190,Power Bank Model-190,High quality power bank model-190 built for durability.,Experience premium performance with the Power Bank Model-190.,Premium Quality/Durable Build/Version v190,electronics,https://images.unsplash.com/photo-1576383801?auto=format&fit=crop&w=500&q=80&sig=190,1128.45,2026-04-19 11:24:43,2026-05-05 00:07:38
191,Denim Jacket Model-191,High quality denim jacket model-191 built for durability.,Experience premium performance with the Denim Jacket Model-191.,Premium Quality/Durable Build/Version v191,clothing,https://images.unsplash.com/photo-1589159934?auto=format&fit=crop&w=500&q=80&sig=191,1610.22,2026-01-06 02:02:14,2026-02-02 22:27:10
192,Bookshelf Model-192,High quality bookshelf model-192 built for durability.,Experience premium performance with the Bookshelf Model-192.,Premium Quality/Durable Build/Version v192,furniture,https://images.unsplash.com/photo-1595518043?auto=format&fit=crop&w=500&q=80&sig=192,2327.15,2026-01-04 02:31:25,2026-01-09 20:17:08
193,RC Car Model-193,High quality rc car model-193 built for durability.,Experience premium performance with the RC Car Model-193.,Premium Quality/Durable Build/Version v193,toys,https://images.unsplash.com/photo-1596335667?auto=format&fit=crop&w=500&q=80&sig=193,634.49,2026-03-31 20:12:04,2026-05-04 08:51:33
194,Bluetooth Speaker Model-194,High quality bluetooth speaker model-194 built for durability.,Experience premium performance with the Bluetooth Speaker Model-194.,Premium Quality/Durable Build/Version v194,electronics,https://images.unsplash.com/photo-1581955434?auto=format&fit=crop&w=500&q=80&sig=194,1834.99,2026-04-04 14:21:17,2026-06-03 01:30:34
195,Running Shoes Model-195,High quality running shoes model-195 built for durability.,Experience premium performance with the Running Shoes Model-195.,Premium Quality/Durable Build/Version v195,clothing,https://images.unsplash.com/photo-1570657006?auto=format&fit=crop&w=500&q=80&sig=195,2329.51,2026-03-18 14:50:43,2026-04-02 23:48:07
196,Bookshelf Model-196,High quality bookshelf model-196 built for durability.,Experience premium performance with the Bookshelf Model-196.,Premium Quality/Durable Build/Version v196,furniture,https://images.unsplash.com/photo-1540276526?auto=format&fit=crop&w=500&q=80&sig=196,165.91,2026-06-18 11:42:25,2026-06-27 11:33:22
197,Mouse Model-197,High quality mouse model-197 built for durability.,Experience premium performance with the Mouse Model-197.,Premium Quality/Durable Build/Version v197,computers,https://images.unsplash.com/photo-1511437737?auto=format&fit=crop&w=500&q=80&sig=197,768.59,2026-03-01 09:41:34,2026-03-09 14:44:26
198,Desk Lamp Model-198,High quality desk lamp model-198 built for durability.,Experience premium performance with the Desk Lamp Model-198.,Premium Quality/Durable Build/Version v198,others,https://images.unsplash.com/photo-1568822299?auto=format&fit=crop&w=500&q=80&sig=198,85.51,2026-06-27 04:42:52,2026-07-07 14:27:38
199,T-Shirt Pack Model-199,High quality t-shirt pack model-199 built for durability.,Experience premium performance with the T-Shirt Pack Model-199.,Premium Quality/Durable Build/Version v199,clothing,https://images.unsplash.com/photo-1542532580?auto=format&fit=crop&w=500&q=80&sig=199,29.16,2026-02-17 10:21:21,2026-03-12 23:54:56
200,Wool Sweater Model-200,High quality wool sweater model-200 built for durability.,Experience premium performance with the Wool Sweater Model-200.,Premium Quality/Durable Build/Version v200,clothing,https://images.unsplash.com/photo-1536227777?auto=format&fit=crop&w=500&q=80&sig=200,1438.07,2026-02-28 15:04:20,2026-03-15 18:12:06
201,T-Shirt Pack Model-201,High quality t-shirt pack model-201 built for durability.,Experience premium performance with the T-Shirt Pack Model-201.,Premium Quality/Durable Build/Version v201,clothing,https://images.unsplash.com/photo-1510860516?auto=format&fit=crop&w=500&q=80&sig=201,2105.01,2026-02-23 20:49:01,2026-04-07 17:07:24
202,Electric Razor Model-202,High quality electric razor model-202 built for durability.,Experience premium performance with the Electric Razor Model-202.,Premium Quality/Durable Build/Version v202,beauty,https://images.unsplash.com/photo-1520875283?auto=format&fit=crop&w=500&q=80&sig=202,1155.28,2026-05-21 17:50:50,2026-06-11 04:40:37
203,Laptop Stand Model-203,High quality laptop stand model-203 built for durability.,Experience premium performance with the Laptop Stand Model-203.,Premium Quality/Durable Build/Version v203,computers,https://images.unsplash.com/photo-1527111185?auto=format&fit=crop&w=500&q=80&sig=203,1867.04,2026-03-01 14:08:42,2026-03-23 09:04:29
204,Desk Lamp Model-204,High quality desk lamp model-204 built for durability.,Experience premium performance with the Desk Lamp Model-204.,Premium Quality/Durable Build/Version v204,others,https://images.unsplash.com/photo-1519663559?auto=format&fit=crop&w=500&q=80&sig=204,582.54,2026-03-24 13:34:39,2026-04-02 10:22:46
205,Resistance Bands Model-205,High quality resistance bands model-205 built for durability.,Experience premium performance with the Resistance Bands Model-205.,Premium Quality/Durable Build/Version v205,fitness,https://images.unsplash.com/photo-1595493758?auto=format&fit=crop&w=500&q=80&sig=205,2510.9,2026-01-21 01:40:46,2026-02-24 11:07:20
206,Sci-Fi Anthology Model-206,High quality sci-fi anthology model-206 built for durability.,Experience premium performance with the Sci-Fi Anthology Model-206.,Premium Quality/Durable Build/Version v206,books,https://images.unsplash.com/photo-1510840914?auto=format&fit=crop&w=500&q=80&sig=206,1094.14,2026-03-13 15:24:08,2026-04-01 23:24:53
207,Umbrella Model-207,High quality umbrella model-207 built for durability.,Experience premium performance with the Umbrella Model-207.,Premium Quality/Durable Build/Version v207,others,https://images.unsplash.com/photo-1544984155?auto=format&fit=crop&w=500&q=80&sig=207,2124.54,2026-02-05 23:52:17,2026-03-20 08:00:28
208,Makeup Kit Model-208,High quality makeup kit model-208 built for durability.,Experience premium performance with the Makeup Kit Model-208.,Premium Quality/Durable Build/Version v208,beauty,https://images.unsplash.com/photo-1598052070?auto=format&fit=crop&w=500&q=80&sig=208,398.52,2026-05-17 11:23:44,2026-05-18 19:06:36
209,Power Bank Model-209,High quality power bank model-209 built for durability.,Experience premium performance with the Power Bank Model-209.,Premium Quality/Durable Build/Version v209,electronics,https://images.unsplash.com/photo-1520578940?auto=format&fit=crop&w=500&q=80&sig=209,2456.13,2026-05-27 07:25:47,2026-07-04 21:03:26
210,Umbrella Model-210,High quality umbrella model-210 built for durability.,Experience premium performance with the Umbrella Model-210.,Premium Quality/Durable Build/Version v210,others,https://images.unsplash.com/photo-1568957280?auto=format&fit=crop&w=500&q=80&sig=210,1558.99,2026-02-18 14:15:35,2026-04-07 15:40:34
211,Mouse Model-211,High quality mouse model-211 built for durability.,Experience premium performance with the Mouse Model-211.,Premium Quality/Durable Build/Version v211,computers,https://images.unsplash.com/photo-1532517892?auto=format&fit=crop&w=500&q=80&sig=211,2911.09,2026-06-27 20:40:08,2026-08-09 13:41:08
212,Toaster Model-212,High quality toaster model-212 built for durability.,Experience premium performance with the Toaster Model-212.,Premium Quality/Durable Build/Version v212,kitchen,https://images.unsplash.com/photo-1538911340?auto=format&fit=crop&w=500&q=80&sig=212,1222.05,2026-03-18 17:56:59,2026-04-03 13:27:52
213,Standing Desk Model-213,High quality standing desk model-213 built for durability.,Experience premium performance with the Standing Desk Model-213.,Premium Quality/Durable Build/Version v213,furniture,https://images.unsplash.com/photo-1549975297?auto=format&fit=crop&w=500&q=80&sig=213,2620.26,2026-05-31 06:24:14,2026-07-12 01:42:51
214,Sofa Model-214,High quality sofa model-214 built for durability.,Experience premium performance with the Sofa Model-214.,Premium Quality/Durable Build/Version v214,furniture,https://images.unsplash.com/photo-1562117073?auto=format&fit=crop&w=500&q=80&sig=214,1242.17,2026-02-14 09:01:02,2026-04-04 10:37:35
215,T-Shirt Pack Model-215,High quality t-shirt pack model-215 built for durability.,Experience premium performance with the T-Shirt Pack Model-215.,Premium Quality/Durable Build/Version v215,clothing,https://images.unsplash.com/photo-1578479991?auto=format&fit=crop&w=500&q=80&sig=215,332.59,2026-06-04 14:50:05,2026-07-06 05:27:41
216,Treadmill Model-216,High quality treadmill model-216 built for durability.,Experience premium performance with the Treadmill Model-216.,Premium Quality/Durable Build/Version v216,fitness,https://images.unsplash.com/photo-1565716654?auto=format&fit=crop&w=500&q=80&sig=216,2066.02,2026-01-26 16:11:40,2026-03-06 11:45:42
217,Face Serum Model-217,High quality face serum model-217 built for durability.,Experience premium performance with the Face Serum Model-217.,Premium Quality/Durable Build/Version v217,beauty,https://images.unsplash.com/photo-1511849943?auto=format&fit=crop&w=500&q=80&sig=217,557.06,2026-03-07 02:44:57,2026-04-25 01:36:02
218,Wool Sweater Model-218,High quality wool sweater model-218 built for durability.,Experience premium performance with the Wool Sweater Model-218.,Premium Quality/Durable Build/Version v218,clothing,https://images.unsplash.com/photo-1526463606?auto=format&fit=crop&w=500&q=80&sig=218,2401.55,2026-03-10 06:34:16,2026-04-08 02:33:26
219,T-Shirt Pack Model-219,High quality t-shirt pack model-219 built for durability.,Experience premium performance with the T-Shirt Pack Model-219.,Premium Quality/Durable Build/Version v219,clothing,https://images.unsplash.com/photo-1566476751?auto=format&fit=crop&w=500&q=80&sig=219,1011.23,2026-02-03 12:35:29,2026-02-12 11:08:24
220,Action Figure Model-220,High quality action figure model-220 built for durability.,Experience premium performance with the Action Figure Model-220.,Premium Quality/Durable Build/Version v220,toys,https://images.unsplash.com/photo-1535998136?auto=format&fit=crop&w=500&q=80&sig=220,2271.7,2026-06-22 15:51:59,2026-08-19 23:58:05
221,Yoga Mat Model-221,High quality yoga mat model-221 built for durability.,Experience premium performance with the Yoga Mat Model-221.,Premium Quality/Durable Build/Version v221,fitness,https://images.unsplash.com/photo-1515384787?auto=format&fit=crop&w=500&q=80&sig=221,1449.5,2026-02-22 21:12:18,2026-03-14 11:35:47
222,Power Bank Model-222,High quality power bank model-222 built for durability.,Experience premium performance with the Power Bank Model-222.,Premium Quality/Durable Build/Version v222,electronics,https://images.unsplash.com/photo-1559254997?auto=format&fit=crop&w=500&q=80&sig=222,1615.63,2026-03-17 09:34:00,2026-04-09 14:22:18
223,Toaster Model-223,High quality toaster model-223 built for durability.,Experience premium performance with the Toaster Model-223.,Premium Quality/Durable Build/Version v223,kitchen,https://images.unsplash.com/photo-1538530647?auto=format&fit=crop&w=500&q=80&sig=223,2206.54,2026-01-04 00:06:46,2026-02-09 18:47:05
224,Face Serum Model-224,High quality face serum model-224 built for durability.,Experience premium performance with the Face Serum Model-224.,Premium Quality/Durable Build/Version v224,beauty,https://images.unsplash.com/photo-1585581504?auto=format&fit=crop&w=500&q=80&sig=224,1998.51,2026-05-03 23:31:49,2026-05-14 16:24:33
225,Bed Frame Model-225,High quality bed frame model-225 built for durability.,Experience premium performance with the Bed Frame Model-225.,Premium Quality/Durable Build/Version v225,furniture,https://images.unsplash.com/photo-1590063522?auto=format&fit=crop&w=500&q=80&sig=225,1995.99,2026-02-02 07:37:48,2026-02-23 02:27:06
226,T-Shirt Pack Model-226,High quality t-shirt pack model-226 built for durability.,Experience premium performance with the T-Shirt Pack Model-226.,Premium Quality/Durable Build/Version v226,clothing,https://images.unsplash.com/photo-1521662979?auto=format&fit=crop&w=500&q=80&sig=226,1980.24,2026-02-21 07:30:52,2026-03-27 23:01:37
227,Building Blocks Model-227,High quality building blocks model-227 built for durability.,Experience premium performance with the Building Blocks Model-227.,Premium Quality/Durable Build/Version v227,toys,https://images.unsplash.com/photo-1579945259?auto=format&fit=crop&w=500&q=80&sig=227,1759.95,2026-06-15 01:49:47,2026-07-29 02:03:37
228,Tablet Model-228,High quality tablet model-228 built for durability.,Experience premium performance with the Tablet Model-228.,Premium Quality/Durable Build/Version v228,electronics,https://images.unsplash.com/photo-1587250216?auto=format&fit=crop&w=500&q=80&sig=228,2423.45,2026-06-05 18:20:32,2026-06-14 04:09:28
229,Air Fryer Model-229,High quality air fryer model-229 built for durability.,Experience premium performance with the Air Fryer Model-229.,Premium Quality/Durable Build/Version v229,kitchen,https://images.unsplash.com/photo-1567651851?auto=format&fit=crop&w=500&q=80&sig=229,907.05,2026-01-21 15:43:05,2026-03-12 08:11:39
230,Wool Sweater Model-230,High quality wool sweater model-230 built for durability.,Experience premium performance with the Wool Sweater Model-230.,Premium Quality/Durable Build/Version v230,clothing,https://images.unsplash.com/photo-1564808749?auto=format&fit=crop&w=500&q=80&sig=230,552.87,2026-04-23 11:34:10,2026-05-10 02:11:04
231,Bluetooth Speaker Model-231,High quality bluetooth speaker model-231 built for durability.,Experience premium performance with the Bluetooth Speaker Model-231.,Premium Quality/Durable Build/Version v231,electronics,https://images.unsplash.com/photo-1551756954?auto=format&fit=crop&w=500&q=80&sig=231,2208.12,2026-05-15 12:31:18,2026-07-09 08:01:39
232,Electric Razor Model-232,High quality electric razor model-232 built for durability.,Experience premium performance with the Electric Razor Model-232.,Premium Quality/Durable Build/Version v232,beauty,https://images.unsplash.com/photo-1554069340?auto=format&fit=crop&w=500&q=80&sig=232,1624.08,2026-06-21 01:57:40,2026-08-14 13:06:19
233,Resistance Bands Model-233,High quality resistance bands model-233 built for durability.,Experience premium performance with the Resistance Bands Model-233.,Premium Quality/Durable Build/Version v233,fitness,https://images.unsplash.com/photo-1517105488?auto=format&fit=crop&w=500&q=80&sig=233,2702.82,2026-02-13 08:35:41,2026-03-28 00:50:54
234,Smartwatch Model-234,High quality smartwatch model-234 built for durability.,Experience premium performance with the Smartwatch Model-234.,Premium Quality/Durable Build/Version v234,electronics,https://images.unsplash.com/photo-1522954635?auto=format&fit=crop&w=500&q=80&sig=234,2895.6,2026-02-28 16:06:46,2026-04-23 04:49:16
235,Action Figure Model-235,High quality action figure model-235 built for durability.,Experience premium performance with the Action Figure Model-235.,Premium Quality/Durable Build/Version v235,toys,https://images.unsplash.com/photo-1571563540?auto=format&fit=crop&w=500&q=80&sig=235,2602.72,2026-02-12 15:24:51,2026-02-22 05:38:45
236,Power Bank Model-236,High quality power bank model-236 built for durability.,Experience premium performance with the Power Bank Model-236.,Premium Quality/Durable Build/Version v236,electronics,https://images.unsplash.com/photo-1559491346?auto=format&fit=crop&w=500&q=80&sig=236,1647.19,2026-04-07 20:18:18,2026-05-05 18:56:57
237,RC Car Model-237,High quality rc car model-237 built for durability.,Experience premium performance with the RC Car Model-237.,Premium Quality/Durable Build/Version v237,toys,https://images.unsplash.com/photo-1525659045?auto=format&fit=crop&w=500&q=80&sig=237,2264.82,2026-04-19 13:47:36,2026-04-28 00:47:14
238,Denim Jacket Model-238,High quality denim jacket model-238 built for durability.,Experience premium performance with the Denim Jacket Model-238.,Premium Quality/Durable Build/Version v238,clothing,https://images.unsplash.com/photo-1541826844?auto=format&fit=crop&w=500&q=80&sig=238,1009.65,2026-02-04 09:19:02,2026-03-05 02:01:37
239,Hair Dryer Model-239,High quality hair dryer model-239 built for durability.,Experience premium performance with the Hair Dryer Model-239.,Premium Quality/Durable Build/Version v239,beauty,https://images.unsplash.com/photo-1568164493?auto=format&fit=crop&w=500&q=80&sig=239,54.13,2026-01-05 01:58:58,2026-02-09 00:28:04
240,Resistance Bands Model-240,High quality resistance bands model-240 built for durability.,Experience premium performance with the Resistance Bands Model-240.,Premium Quality/Durable Build/Version v240,fitness,https://images.unsplash.com/photo-1527007044?auto=format&fit=crop&w=500&q=80&sig=240,2343.59,2026-01-25 11:01:11,2026-02-28 11:11:17
241,Keyboard Model-241,High quality keyboard model-241 built for durability.,Experience premium performance with the Keyboard Model-241.,Premium Quality/Durable Build/Version v241,computers,https://images.unsplash.com/photo-1528966430?auto=format&fit=crop&w=500&q=80&sig=241,2346.67,2026-02-07 13:33:20,2026-02-12 02:49:34
242,Coffee Maker Model-242,High quality coffee maker model-242 built for durability.,Experience premium performance with the Coffee Maker Model-242.,Premium Quality/Durable Build/Version v242,kitchen,https://images.unsplash.com/photo-1589197609?auto=format&fit=crop&w=500&q=80&sig=242,34.03,2026-04-16 08:45:13,2026-04-21 09:58:25
243,Monitor Model-243,High quality monitor model-243 built for durability.,Experience premium performance with the Monitor Model-243.,Premium Quality/Durable Build/Version v243,computers,https://images.unsplash.com/photo-1551224225?auto=format&fit=crop&w=500&q=80&sig=243,2592.15,2026-02-06 01:38:16,2026-04-06 22:58:55
244,Face Serum Model-244,High quality face serum model-244 built for durability.,Experience premium performance with the Face Serum Model-244.,Premium Quality/Durable Build/Version v244,beauty,https://images.unsplash.com/photo-1551451538?auto=format&fit=crop&w=500&q=80&sig=244,2645.49,2026-05-25 14:45:37,2026-06-09 19:18:17
245,Office Chair Model-245,High quality office chair model-245 built for durability.,Experience premium performance with the Office Chair Model-245.,Premium Quality/Durable Build/Version v245,furniture,https://images.unsplash.com/photo-1516604356?auto=format&fit=crop&w=500&q=80&sig=245,968.72,2026-04-26 14:23:16,2026-05-26 06:34:01
246,Office Chair Model-246,High quality office chair model-246 built for durability.,Experience premium performance with the Office Chair Model-246.,Premium Quality/Durable Build/Version v246,furniture,https://images.unsplash.com/photo-1517178042?auto=format&fit=crop&w=500&q=80&sig=246,61.56,2026-02-05 23:06:43,2026-03-12 18:17:26
247,Running Shoes Model-247,High quality running shoes model-247 built for durability.,Experience premium performance with the Running Shoes Model-247.,Premium Quality/Durable Build/Version v247,clothing,https://images.unsplash.com/photo-1568452240?auto=format&fit=crop&w=500&q=80&sig=247,2629.29,2026-06-28 07:01:53,2026-07-07 20:28:04
248,Office Chair Model-248,High quality office chair model-248 built for durability.,Experience premium performance with the Office Chair Model-248.,Premium Quality/Durable Build/Version v248,furniture,https://images.unsplash.com/photo-1537192481?auto=format&fit=crop&w=500&q=80&sig=248,220.84,2026-05-07 12:35:57,2026-05-26 19:04:42
249,Water Bottle Model-249,High quality water bottle model-249 built for durability.,Experience premium performance with the Water Bottle Model-249.,Premium Quality/Durable Build/Version v249,others,https://images.unsplash.com/photo-1535169177?auto=format&fit=crop&w=500&q=80&sig=249,704.28,2026-06-06 14:27:58,2026-07-12 16:40:49
250,Electric Razor Model-250,High quality electric razor model-250 built for durability.,Experience premium performance with the Electric Razor Model-250.,Premium Quality/Durable Build/Version v250,beauty,https://images.unsplash.com/photo-1526335439?auto=format&fit=crop&w=500&q=80&sig=250,1632.29,2026-05-01 21:07:01,2026-05-14 16:23:58
251,Yoga Mat Model-251,High quality yoga mat model-251 built for durability.,Experience premium performance with the Yoga Mat Model-251.,Premium Quality/Durable Build/Version v251,fitness,https://images.unsplash.com/photo-1577810819?auto=format&fit=crop&w=500&q=80&sig=251,2451.43,2026-04-29 20:20:23,2026-06-16 09:28:09
252,Denim Jacket Model-252,High quality denim jacket model-252 built for durability.,Experience premium performance with the Denim Jacket Model-252.,Premium Quality/Durable Build/Version v252,clothing,https://images.unsplash.com/photo-1594532063?auto=format&fit=crop&w=500&q=80&sig=252,2347.62,2026-03-28 20:36:39,2026-05-06 16:48:37
253,Smartwatch Model-253,High quality smartwatch model-253 built for durability.,Experience premium performance with the Smartwatch Model-253.,Premium Quality/Durable Build/Version v253,electronics,https://images.unsplash.com/photo-1533448968?auto=format&fit=crop&w=500&q=80&sig=253,2046.71,2026-04-29 02:11:54,2026-06-27 10:10:10
254,Resistance Bands Model-254,High quality resistance bands model-254 built for durability.,Experience premium performance with the Resistance Bands Model-254.,Premium Quality/Durable Build/Version v254,fitness,https://images.unsplash.com/photo-1531875577?auto=format&fit=crop&w=500&q=80&sig=254,2487.73,2026-05-19 01:03:31,2026-06-22 00:43:34
255,Resistance Bands Model-255,High quality resistance bands model-255 built for durability.,Experience premium performance with the Resistance Bands Model-255.,Premium Quality/Durable Build/Version v255,fitness,https://images.unsplash.com/photo-1580171318?auto=format&fit=crop&w=500&q=80&sig=255,2059.43,2026-06-27 12:53:46,2026-08-14 13:20:56
256,Headphones Model-256,High quality headphones model-256 built for durability.,Experience premium performance with the Headphones Model-256.,Premium Quality/Durable Build/Version v256,electronics,https://images.unsplash.com/photo-1555575703?auto=format&fit=crop&w=500&q=80&sig=256,1916.68,2026-04-17 21:40:33,2026-05-07 12:39:38
257,Dumbbell Set Model-257,High quality dumbbell set model-257 built for durability.,Experience premium performance with the Dumbbell Set Model-257.,Premium Quality/Durable Build/Version v257,fitness,https://images.unsplash.com/photo-1581476611?auto=format&fit=crop&w=500&q=80&sig=257,511.41,2026-05-16 16:06:48,2026-06-27 07:43:01
258,Toaster Model-258,High quality toaster model-258 built for durability.,Experience premium performance with the Toaster Model-258.,Premium Quality/Durable Build/Version v258,kitchen,https://images.unsplash.com/photo-1577097023?auto=format&fit=crop&w=500&q=80&sig=258,1325.36,2026-06-20 08:52:46,2026-08-15 14:43:22
259,T-Shirt Pack Model-259,High quality t-shirt pack model-259 built for durability.,Experience premium performance with the T-Shirt Pack Model-259.,Premium Quality/Durable Build/Version v259,clothing,https://images.unsplash.com/photo-1581599715?auto=format&fit=crop&w=500&q=80&sig=259,1359.62,2026-04-20 21:02:49,2026-06-09 05:10:28
260,Laptop Stand Model-260,High quality laptop stand model-260 built for durability.,Experience premium performance with the Laptop Stand Model-260.,Premium Quality/Durable Build/Version v260,computers,https://images.unsplash.com/photo-1524265978?auto=format&fit=crop&w=500&q=80&sig=260,65.3,2026-05-18 11:12:29,2026-07-04 03:04:52
261,Desk Lamp Model-261,High quality desk lamp model-261 built for durability.,Experience premium performance with the Desk Lamp Model-261.,Premium Quality/Durable Build/Version v261,others,https://images.unsplash.com/photo-1549373883?auto=format&fit=crop&w=500&q=80&sig=261,1222.49,2026-02-03 23:55:46,2026-03-03 00:40:57
262,Water Bottle Model-262,High quality water bottle model-262 built for durability.,Experience premium performance with the Water Bottle Model-262.,Premium Quality/Durable Build/Version v262,others,https://images.unsplash.com/photo-1588016335?auto=format&fit=crop&w=500&q=80&sig=262,688.99,2026-06-09 14:04:58,2026-07-15 08:31:36
263,Standing Desk Model-263,High quality standing desk model-263 built for durability.,Experience premium performance with the Standing Desk Model-263.,Premium Quality/Durable Build/Version v263,furniture,https://images.unsplash.com/photo-1568795325?auto=format&fit=crop&w=500&q=80&sig=263,278.1,2026-06-26 05:09:57,2026-07-31 18:38:15
264,Laptop Stand Model-264,High quality laptop stand model-264 built for durability.,Experience premium performance with the Laptop Stand Model-264.,Premium Quality/Durable Build/Version v264,computers,https://images.unsplash.com/photo-1577052165?auto=format&fit=crop&w=500&q=80&sig=264,1643.49,2026-03-07 01:06:37,2026-03-19 14:44:26
265,Treadmill Model-265,High quality treadmill model-265 built for durability.,Experience premium performance with the Treadmill Model-265.,Premium Quality/Durable Build/Version v265,fitness,https://images.unsplash.com/photo-1589375834?auto=format&fit=crop&w=500&q=80&sig=265,718.66,2026-06-09 17:46:48,2026-06-25 12:25:30
266,Mouse Model-266,High quality mouse model-266 built for durability.,Experience premium performance with the Mouse Model-266.,Premium Quality/Durable Build/Version v266,computers,https://images.unsplash.com/photo-1572147579?auto=format&fit=crop&w=500&q=80&sig=266,579.22,2026-05-26 23:30:59,2026-07-04 20:46:31
267,Resistance Bands Model-267,High quality resistance bands model-267 built for durability.,Experience premium performance with the Resistance Bands Model-267.,Premium Quality/Durable Build/Version v267,fitness,https://images.unsplash.com/photo-1568869284?auto=format&fit=crop&w=500&q=80&sig=267,2362.51,2026-02-11 22:26:44,2026-03-22 03:24:30
268,Puzzle Set Model-268,High quality puzzle set model-268 built for durability.,Experience premium performance with the Puzzle Set Model-268.,Premium Quality/Durable Build/Version v268,toys,https://images.unsplash.com/photo-1557683036?auto=format&fit=crop&w=500&q=80&sig=268,2432.17,2026-06-28 13:32:40,2026-08-08 19:53:16
269,Tablet Model-269,High quality tablet model-269 built for durability.,Experience premium performance with the Tablet Model-269.,Premium Quality/Durable Build/Version v269,electronics,https://images.unsplash.com/photo-1517207546?auto=format&fit=crop&w=500&q=80&sig=269,1985.95,2026-04-16 05:42:07,2026-05-22 11:00:10
270,Electric Razor Model-270,High quality electric razor model-270 built for durability.,Experience premium performance with the Electric Razor Model-270.,Premium Quality/Durable Build/Version v270,beauty,https://images.unsplash.com/photo-1574872079?auto=format&fit=crop&w=500&q=80&sig=270,577.1,2026-01-30 10:10:05,2026-03-06 07:11:30
271,Webcam Model-271,High quality webcam model-271 built for durability.,Experience premium performance with the Webcam Model-271.,Premium Quality/Durable Build/Version v271,computers,https://images.unsplash.com/photo-1538940531?auto=format&fit=crop&w=500&q=80&sig=271,1901.74,2026-01-20 10:57:01,2026-02-20 15:44:22
272,Action Figure Model-272,High quality action figure model-272 built for durability.,Experience premium performance with the Action Figure Model-272.,Premium Quality/Durable Build/Version v272,toys,https://images.unsplash.com/photo-1521096769?auto=format&fit=crop&w=500&q=80&sig=272,2142.82,2026-04-03 00:17:42,2026-05-11 06:57:28
273,Sci-Fi Anthology Model-273,High quality sci-fi anthology model-273 built for durability.,Experience premium performance with the Sci-Fi Anthology Model-273.,Premium Quality/Durable Build/Version v273,books,https://images.unsplash.com/photo-1541583897?auto=format&fit=crop&w=500&q=80&sig=273,707.59,2026-04-04 17:08:34,2026-04-26 10:54:42
274,Office Chair Model-274,High quality office chair model-274 built for durability.,Experience premium performance with the Office Chair Model-274.,Premium Quality/Durable Build/Version v274,furniture,https://images.unsplash.com/photo-1541231292?auto=format&fit=crop&w=500&q=80&sig=274,407.49,2026-06-05 05:17:29,2026-06-14 22:54:01
275,Resistance Bands Model-275,High quality resistance bands model-275 built for durability.,Experience premium performance with the Resistance Bands Model-275.,Premium Quality/Durable Build/Version v275,fitness,https://images.unsplash.com/photo-1544944610?auto=format&fit=crop&w=500&q=80&sig=275,1306.24,2026-04-02 21:08:53,2026-05-13 11:59:25
276,Sofa Model-276,High quality sofa model-276 built for durability.,Experience premium performance with the Sofa Model-276.,Premium Quality/Durable Build/Version v276,furniture,https://images.unsplash.com/photo-1535207675?auto=format&fit=crop&w=500&q=80&sig=276,1278.67,2026-03-13 09:25:33,2026-04-02 11:48:57
277,Running Shoes Model-277,High quality running shoes model-277 built for durability.,Experience premium performance with the Running Shoes Model-277.,Premium Quality/Durable Build/Version v277,clothing,https://images.unsplash.com/photo-1594745667?auto=format&fit=crop&w=500&q=80&sig=277,468.37,2026-02-27 00:04:17,2026-04-13 11:19:11
278,Desk Lamp Model-278,High quality desk lamp model-278 built for durability.,Experience premium performance with the Desk Lamp Model-278.,Premium Quality/Durable Build/Version v278,others,https://images.unsplash.com/photo-1589522398?auto=format&fit=crop&w=500&q=80&sig=278,583.22,2026-04-02 11:34:02,2026-05-25 22:14:23
279,Biography Model-279,High quality biography model-279 built for durability.,Experience premium performance with the Biography Model-279.,Premium Quality/Durable Build/Version v279,books,https://images.unsplash.com/photo-1513213301?auto=format&fit=crop&w=500&q=80&sig=279,1503.85,2026-02-17 21:09:44,2026-03-13 08:36:35
280,Action Figure Model-280,High quality action figure model-280 built for durability.,Experience premium performance with the Action Figure Model-280.,Premium Quality/Durable Build/Version v280,toys,https://images.unsplash.com/photo-1554701857?auto=format&fit=crop&w=500&q=80&sig=280,1586.98,2026-05-15 13:45:00,2026-05-23 19:11:28
281,Wool Sweater Model-281,High quality wool sweater model-281 built for durability.,Experience premium performance with the Wool Sweater Model-281.,Premium Quality/Durable Build/Version v281,clothing,https://images.unsplash.com/photo-1537195624?auto=format&fit=crop&w=500&q=80&sig=281,1618.19,2026-01-25 10:29:16,2026-01-25 11:52:52
282,Makeup Kit Model-282,High quality makeup kit model-282 built for durability.,Experience premium performance with the Makeup Kit Model-282.,Premium Quality/Durable Build/Version v282,beauty,https://images.unsplash.com/photo-1586397801?auto=format&fit=crop&w=500&q=80&sig=282,2946.27,2026-05-29 10:41:34,2026-07-03 19:50:52
283,Sci-Fi Anthology Model-283,High quality sci-fi anthology model-283 built for durability.,Experience premium performance with the Sci-Fi Anthology Model-283.,Premium Quality/Durable Build/Version v283,books,https://images.unsplash.com/photo-1554321032?auto=format&fit=crop&w=500&q=80&sig=283,128.42,2026-02-08 21:35:37,2026-04-02 20:01:35
284,Yoga Mat Model-284,High quality yoga mat model-284 built for durability.,Experience premium performance with the Yoga Mat Model-284.,Premium Quality/Durable Build/Version v284,fitness,https://images.unsplash.com/photo-1567082111?auto=format&fit=crop&w=500&q=80&sig=284,2361.0,2026-02-05 21:58:18,2026-03-31 18:35:43
285,Air Fryer Model-285,High quality air fryer model-285 built for durability.,Experience premium performance with the Air Fryer Model-285.,Premium Quality/Durable Build/Version v285,kitchen,https://images.unsplash.com/photo-1517775642?auto=format&fit=crop&w=500&q=80&sig=285,1061.9,2026-06-25 08:00:41,2026-08-18 06:13:41
286,Puzzle Set Model-286,High quality puzzle set model-286 built for durability.,Experience premium performance with the Puzzle Set Model-286.,Premium Quality/Durable Build/Version v286,toys,https://images.unsplash.com/photo-1574183699?auto=format&fit=crop&w=500&q=80&sig=286,2261.18,2026-03-12 09:35:42,2026-03-13 05:58:45
287,Hair Dryer Model-287,High quality hair dryer model-287 built for durability.,Experience premium performance with the Hair Dryer Model-287.,Premium Quality/Durable Build/Version v287,beauty,https://images.unsplash.com/photo-1553518415?auto=format&fit=crop&w=500&q=80&sig=287,2208.96,2026-05-03 09:43:28,2026-05-06 16:01:33
288,Umbrella Model-288,High quality umbrella model-288 built for durability.,Experience premium performance with the Umbrella Model-288.,Premium Quality/Durable Build/Version v288,others,https://images.unsplash.com/photo-1588768760?auto=format&fit=crop&w=500&q=80&sig=288,1863.33,2026-03-13 00:15:44,2026-05-10 00:55:02
289,RC Car Model-289,High quality rc car model-289 built for durability.,Experience premium performance with the RC Car Model-289.,Premium Quality/Durable Build/Version v289,toys,https://images.unsplash.com/photo-1519641602?auto=format&fit=crop&w=500&q=80&sig=289,1897.14,2026-06-26 17:30:47,2026-08-06 04:22:29
290,Headphones Model-290,High quality headphones model-290 built for durability.,Experience premium performance with the Headphones Model-290.,Premium Quality/Durable Build/Version v290,electronics,https://images.unsplash.com/photo-1537266224?auto=format&fit=crop&w=500&q=80&sig=290,1994.14,2026-01-28 12:12:02,2026-03-22 12:12:46
291,Puzzle Set Model-291,High quality puzzle set model-291 built for durability.,Experience premium performance with the Puzzle Set Model-291.,Premium Quality/Durable Build/Version v291,toys,https://images.unsplash.com/photo-1585400398?auto=format&fit=crop&w=500&q=80&sig=291,2245.32,2026-03-25 20:09:18,2026-05-23 15:23:50
292,Power Bank Model-292,High quality power bank model-292 built for durability.,Experience premium performance with the Power Bank Model-292.,Premium Quality/Durable Build/Version v292,electronics,https://images.unsplash.com/photo-1531067200?auto=format&fit=crop&w=500&q=80&sig=292,403.53,2026-01-17 09:46:30,2026-03-01 07:28:09
293,Electric Razor Model-293,High quality electric razor model-293 built for durability.,Experience premium performance with the Electric Razor Model-293.,Premium Quality/Durable Build/Version v293,beauty,https://images.unsplash.com/photo-1534307594?auto=format&fit=crop&w=500&q=80&sig=293,1088.9,2026-04-13 19:48:50,2026-05-07 21:38:35
294,Laptop Stand Model-294,High quality laptop stand model-294 built for durability.,Experience premium performance with the Laptop Stand Model-294.,Premium Quality/Durable Build/Version v294,computers,https://images.unsplash.com/photo-1537199606?auto=format&fit=crop&w=500&q=80&sig=294,2527.6,2026-05-15 01:04:44,2026-06-26 14:13:58
295,Electric Razor Model-295,High quality electric razor model-295 built for durability.,Experience premium performance with the Electric Razor Model-295.,Premium Quality/Durable Build/Version v295,beauty,https://images.unsplash.com/photo-1557071005?auto=format&fit=crop&w=500&q=80&sig=295,1648.16,2026-03-26 07:51:13,2026-05-02 22:10:46
296,Action Figure Model-296,High quality action figure model-296 built for durability.,Experience premium performance with the Action Figure Model-296.,Premium Quality/Durable Build/Version v296,toys,https://images.unsplash.com/photo-1514914807?auto=format&fit=crop&w=500&q=80&sig=296,419.43,2026-06-03 08:36:26,2026-07-25 10:07:42
297,Makeup Kit Model-297,High quality makeup kit model-297 built for durability.,Experience premium performance with the Makeup Kit Model-297.,Premium Quality/Durable Build/Version v297,beauty,https://images.unsplash.com/photo-1565648606?auto=format&fit=crop&w=500&q=80&sig=297,2885.32,2026-05-19 07:33:54,2026-07-09 23:50:10
298,Bed Frame Model-298,High quality bed frame model-298 built for durability.,Experience premium performance with the Bed Frame Model-298.,Premium Quality/Durable Build/Version v298,furniture,https://images.unsplash.com/photo-1582875658?auto=format&fit=crop&w=500&q=80&sig=298,2963.62,2026-06-21 08:17:18,2026-07-01 14:31:03
299,Biography Model-299,High quality biography model-299 built for durability.,Experience premium performance with the Biography Model-299.,Premium Quality/Durable Build/Version v299,books,https://images.unsplash.com/photo-1537515305?auto=format&fit=crop&w=500&q=80&sig=299,1542.89,2026-06-29 05:38:33,2026-08-21 01:44:53
300,Standing Desk Model-300,High quality standing desk model-300 built for durability.,Experience premium performance with the Standing Desk Model-300.,Premium Quality/Durable Build/Version v300,furniture,https://images.unsplash.com/photo-1525417951?auto=format&fit=crop&w=500&q=80&sig=300,1604.24,2026-06-22 03:11:39,2026-08-03 03:05:59
